design.designDetail|celine|celine-detail-picture-v2.webp
design.designDetail|celine|celine-detail-picture.webp
design.designDetail|celine|celine-console-vanity-mirror-3-pieces-picture.webp
design.designDetail|iron|detail-headboard.jpg
design.designDetail|iron|detail-pegboard.jpg
design.designDetail|iron|detail-personalize.jpg
design.designDetail|iron|detail-metal.jpg
design.designDetail|lotus|lotus-headboard-usb-panel.webp
design.designDetail|mocha|mocha-desk-pegboard.webp
design.designDetail|shaylin|shaylin-detail-picture-v4.webp
design.designDetail|shaylin|shaylin-detail-picture-v3.webp
design.designDetail|shaylin|shaylin-detail-picture-v5.webp
design.designDetail|shaylin|shaylin-detail-picture.webp
design.designDetail|verna|material1.jpg
design.designDetail|verna|verna-headboard-usb-panel-picture.webp
design.designDetail|verna|verna-headboard-usb-panel-detail-v2.webp
design.designDetail|verna|material.jpg
design.designDetail|verna|verna-study-desk-detial.webp
design.hero|baloot|baloot-double-bed-160-180-high-picture.webp
design.hero|bw|room-bw-scene-half-3-picture-v3.webp
design.hero|caroline|room-caroline-collection-v3.webp
design.hero|celine|bedroom-set-celine-double-poster.webp
design.hero|elegance|bedroom-set-elegance.webp
design.hero|elizabeth|bedroom-set-elizabeth-double-poster.webp
design.hero|gandom|bedroom-set-gandom.webp
design.hero|iron|room-iron-scene-half-picture.webp
design.hero|jacqueline|room-jacqueline-scene-half-picture.webp
design.hero|loof|room-loof-scene-half-picture-v2-cream-v2.webp
design.hero|lorena|bedroom-set-lorena-double-poster.webp
design.hero|lotus|room-lotus-scene-half-6-picture.webp
design.hero|lukaplus|room-lukaplus-scene-half-picture-v3.webp
design.hero|mocha|room-mocha-scene-half.webp
design.hero|nikan|bedroom-set-nikan-bunk-poster.webp
design.hero|parla|room-parla-scene-all-v3.webp
design.hero|shaylin|shaylin-double-bed-160-picture.webp
design.hero|skate|bedroom-set-skate.webp
design.hero|verna|verna-single-bed-120-picture-1.webp
design.intro|iron|intro.jpg
design.logo|adrian|namemark-adrian.webp
design.logo|baloot|namemark-baloot.webp
design.logo|bw|b&w-1.webp
design.logo|caroline|namemark-caroline.webp
design.logo|catherine|namemark-catherine.webp
design.logo|celine|namemark-celine.webp
design.logo|classic|namemark-classic.webp
design.logo|elegance|namemark-elegance.webp
design.logo|eliza|namemark-eliza.webp
design.logo|elizabeth|namemark-elizabeth.webp
design.logo|gandom|namemark-gandom.webp
design.logo|iron|namemark-iron.webp
design.logo|jacqueline|namemark-jacqueline.webp
design.logo|loof|namemark-loof.webp
design.logo|lorena|lorena-1.webp
design.logo|lotus|namemark-lotus.webp
design.logo|lukaplus|namemark-lukaplus.webp
design.logo|mocha|namemark-mocha.webp
design.logo|nikan|namemark-nikan.webp
design.logo|parla|namemark-parla.webp
design.logo|shaylin|namemark-shaylin.webp
design.logo|skate|namemark-skate.webp
design.logo|verna|verna-1.webp
design.materialCallout|iron|mat-metal.jpg
design.materialCallout|iron|mat-mdf.jpg
design.materialCallout|iron|mat-fabric.jpg
design.occupancyMedia|baloot|room-baloot-convertible-bed-teen-picture.webp
design.occupancyMedia|caroline|room-caroline-collection-v3.webp
design.occupancyMedia|caroline|room-caroline-collection-v3.webp
design.occupancyMedia|caroline|room-caroline-baby-bed.webp
design.occupancyMedia|loof|room-loof-cream-kid-loof-scene-half-picture-v2-cream.webp
design.occupancyMedia|loof|room-loof-cream-teen-loof-scene-half-picture-cream.webp
design.occupancyMedia|lukaplus|room-lukaplus-couple-lukaplus-scene-half-picture.webp
design.occupancyMedia|lukaplus|room-lukaplus-teen-lukaplus-scene-half-picture-v2.webp
design.occupancyMedia|parla|room-parla-bunk-bed-full-green.webp
design.occupancyMedia|parla|room-parla-scene-all-v5.webp
design.occupancyMedia|parla|room-parla-scene-all-v3.webp
design.slider|baloot|bedroom-set-baloot-teen-poster.webp
design.slider|bw|bedroom-set-bw-poster.webp
design.slider|caroline|bedroom-set-caroline-poster.webp
design.slider|celine|bedroom-set-celine-double-poster.webp
design.slider|elizabeth|bedroom-set-elizabeth-double-poster.webp
design.slider|iron|bedroom-set-iron-poster.webp
design.slider|jacqueline|bedroom-set-jacqueline-poster.webp
design.slider|lorena|bedroom-set-lorena-double-poster.webp
design.slider|lotus|bedroom-set-lotus-poster.webp
design.slider|mocha|bedroom-set-mocha-teen-poster.webp
design.slider|nikan|bedroom-set-nikan-bunk-poster.webp
design.slider|shaylin|bedroom-set-shaylin-double-poster.webp
design.slider|verna|bedroom-set-verna-poster.webp
design.story|iron|story.jpg
soc.hero|baloot|baloot-single-bed-100-120-high-picture.webp
soc.hero|verna|verna-scene-half-v3.webp
