id,filename,filesize,width,height,mime_type
2,breaket.webp,122678,2700,2700,image/webp
3,deraver 3 kesho.webp,174822,2700,2700,image/webp
4,ketabkahne.webp,136388,2700,2700,image/webp
5,komod 2 dar.webp,151746,2700,2700,image/webp
6,takht nozad- 5k.webp,641674,5760,5760,image/webp
7,takht nozad.webp,258176,2700,2700,image/webp
8,kerem.webp,350260,2700,2700,image/webp
9,sabz.webp,328804,2700,2700,image/webp
10,miz tahrir.webp,73996,2700,2700,image/webp
11,pa takhty.webp,76942,2700,2700,image/webp
12,takht 100.webp,351678,2700,2700,image/webp
13,all.webp,157084,2700,2700,image/webp
14,ayne gerd.webp,85490,3240,3240,image/webp
15,ayne ghadi.webp,75982,2700,3626,image/webp
16,ayne sade.webp,83300,2700,2700,image/webp
17,beraket.webp,39168,2700,2700,image/webp
18,deraver.webp,71112,2700,2700,image/webp
19,ketabkhane.webp,47242,2700,2700,image/webp
20,komod 1 dar dar shishe.webp,37908,2700,2700,image/webp
21,komod 1 dar shishe ii.webp,39596,2700,2700,image/webp
22,komod 1 dar.webp,40294,2700,2700,image/webp
23,komod 2 dar shishe ii.webp,50946,2700,2700,image/webp
24,komod 2 dar-1.webp,48500,2700,2700,image/webp
25,MIZ ARAYESH.webp,63000,2700,2700,image/webp
26,MIZ ARAYESH4k.webp,114516,4320,4320,image/webp
27,miz tahrir-1.webp,71642,2700,2700,image/webp
28,pa takhty-1.webp,55786,2700,2700,image/webp
29,takht 120.webp,120552,2700,2700,image/webp
30,ayne ghadi-1.webp,53950,2700,2700,image/webp
31,ayne grd.webp,58698,2700,2700,image/webp
32,deraver-1.webp,62634,2700,2700,image/webp
33,ketabklhane.webp,53276,2700,2700,image/webp
34,KOMOD 2 DAR.webp,52240,2700,2700,image/webp
35,KOMOD 3 DAR.webp,61900,2700,2700,image/webp
36,TAKHT 120.webp,121302,2700,2700,image/webp
37,takht 160.webp,157208,2700,2700,image/webp
38,TAKHT NOZAD.webp,108268,1920,1920,image/webp
39,ayne ghadi-2.webp,89728,2700,2700,image/webp
40,ayne ro mizi.webp,84866,2700,2700,image/webp
41,console 2 kesho.webp,108616,2700,2700,image/webp
42,console 4 kesho.webp,76876,2700,2700,image/webp
43,file 5 kesho.webp,87958,2700,2700,image/webp
44,kabin.webp,46220,2700,2700,image/webp
45,ketabkhane-1.webp,71024,2700,2700,image/webp
46,komod 2 dar-2.webp,67384,2700,2700,image/webp
47,komod 3 dar.webp,74020,2700,2700,image/webp
48,lovset.webp,94212,2700,2700,image/webp
49,miz tahrir-2.webp,95540,2700,2700,image/webp
50,pa takhty-2.webp,90554,2700,2700,image/webp
51,sandali arayesh.webp,84874,2700,2700,image/webp
52,TAKHT 100.webp,150752,2700,2700,image/webp
53,sandali arayesh-1.webp,96858,2700,2700,image/webp
54,TAKHT 100-1.webp,115690,2700,2700,image/webp
55,TAKHT 120-1.webp,115126,2700,2700,image/webp
56,takht 160-1.webp,124734,2700,2700,image/webp
57,TAKHT NOZAD-1.webp,102916,1920,1920,image/webp
58,ayne ghadi-3.webp,92598,2700,2700,image/webp
59,ayne ro mizi-1.webp,83062,2700,2700,image/webp
60,console 2 kesho-1.webp,103278,2700,2700,image/webp
61,console 4 kesho-1.webp,73380,2700,2700,image/webp
62,file 5 kesho-1.webp,84038,2700,2700,image/webp
63,kabin-1.webp,39706,2700,2700,image/webp
64,ketabkhane-2.webp,66554,2700,2700,image/webp
65,komod 2 dar-3.webp,67766,2700,2700,image/webp
66,komod 3 dar-1.webp,71148,2700,2700,image/webp
67,lovset-1.webp,100770,2700,2700,image/webp
68,miz tahrir-3.webp,86996,2700,2700,image/webp
69,pa takhty-3.webp,70328,2700,2700,image/webp
70,miz tahrir-4.webp,215054,2700,2700,image/webp
71,PA TAKHTY.webp,115190,2700,2700,image/webp
72,TAKHT 100-2.webp,287642,2700,2700,image/webp
73,takht 120-1.webp,279102,2700,2700,image/webp
74,takht 160-2.webp,302868,2700,2700,image/webp
75,all-1.webp,210736,2700,2700,image/webp
76,ayne divary.webp,119066,2700,2700,image/webp
77,AYNE REGAL DAR.webp,105958,2700,2700,image/webp
78,ayune ghadi.webp,92126,2700,2700,image/webp
79,DERAVER.webp,225322,1920,1920,image/webp
80,file 5 kesho-2.webp,244156,2700,2700,image/webp
81,KETABKHANE acc.webp,142676,2700,2700,image/webp
82,KETABKHANE.webp,122420,2700,2700,image/webp
83,komod 1 dar shishe ii-1.webp,56806,2700,2700,image/webp
84,KOMOD 1 DAR.webp,151206,2700,2700,image/webp
85,komod 2 dar shishe ii-1.webp,89720,2700,2700,image/webp
86,KOMOD 2 DAR-1.webp,293828,2700,2700,image/webp
87,miz tahrir new.webp,227426,2700,2700,image/webp
88,ayne ghadi-4.webp,48110,2160,2160,image/webp
89,ayne miz arayesh.webp,39784,2160,2160,image/webp
90,box nozad.webp,145660,2700,2700,image/webp
91,braket.webp,47876,2160,2160,image/webp
92,deraver 6 kesho.webp,83672,2160,2160,image/webp
93,fale.webp,314318,3051,2160,image/webp
94,file 5 kesho-3.webp,68918,2160,2160,image/webp
95,ketabkhane-3.webp,70502,2160,2160,image/webp
96,komod 2 dar-4.webp,210392,2160,2160,image/webp
97,komod 3 dar-2.webp,274960,2160,2160,image/webp
98,miz arayesh.webp,186168,4320,4320,image/webp
99,miz tahrir-5.webp,92084,2160,2160,image/webp
100,miz taviz.webp,58890,2160,2160,image/webp
101,NOZAD.webp,211544,2700,2700,image/webp
102,pa takhty-4.webp,91960,2160,2160,image/webp
103,takht 100-1.webp,133096,2160,2160,image/webp
104,takht 120-2.webp,156148,2160,2160,image/webp
105,takht 160-3.webp,134334,2160,2160,image/webp
106,takht canape.webp,128438,2160,2160,image/webp
107,ayne ghadi-5.webp,72794,2700,2700,image/webp
108,box takht.webp,175818,2700,2700,image/webp
109,braket-1.webp,91518,2700,2700,image/webp
110,ketabkhane-4.webp,118290,2700,2700,image/webp
111,komod 2 dar-5.webp,347180,2700,2700,image/webp
112,komod 3 dar-3.webp,84314,2700,2700,image/webp
113,komod 3 dar-.webp,414594,2700,2700,image/webp
114,komod 3 dar--.webp,406124,2700,2700,image/webp
115,miz arayesh-1.webp,141366,2700,2700,image/webp
116,miz tahrir-6.webp,118934,2700,2700,image/webp
117,miz taviz-1.webp,214172,2700,2700,image/webp
118,pa takhty-5.webp,150912,2700,2700,image/webp
119,takht 120-3.webp,284830,2700,2700,image/webp
120,takht nozad-1.webp,186504,2700,2700,image/webp
121,vitrin.webp,122518,2700,2700,image/webp
122,pa takhty high.webp,113522,2700,2700,image/webp
123,pa takhty mid.webp,104596,2700,2700,image/webp
124,safe miz taviz.webp,65088,2160,2160,image/webp
125,takht 120-4.webp,282446,2700,2700,image/webp
126,vitrin-1.webp,115174,2700,2700,image/webp
127,all-2.webp,244356,2700,2700,image/webp
128,ayne ghadi-6.webp,72938,2700,2700,image/webp
129,ayne miz arayesh-1.webp,104578,2700,2700,image/webp
130,beraket-1.webp,89522,2700,2700,image/webp
131,box nozad-1.webp,222522,2700,2700,image/webp
132,ketabkhane-5.webp,118280,2700,2700,image/webp
133,komod 2 dar-6.webp,351910,2700,2700,image/webp
134,komod 32 dar.webp,493764,2700,2700,image/webp
135,miz arayesh-2.webp,160138,2700,2700,image/webp
136,miz tahrir-7.webp,125308,2700,2700,image/webp
137,MIZ TAVIZ.webp,262154,2700,2700,image/webp
138,pa takhty high STD.webp,133646,2700,2700,image/webp
139,miz arayesh-3.webp,97152,2700,2700,image/webp
140,miz tahrir light.webp,70740,2700,2700,image/webp
141,miz tahrir-8.webp,76304,2700,2700,image/webp
142,pa takhty-6.webp,76386,2700,2700,image/webp
143,takht 100-2.webp,69688,2700,2700,image/webp
144,takht 120-5.webp,67240,2700,2700,image/webp
145,takht 160-4.webp,79164,2700,2700,image/webp
146,ayne ro mizi-2.webp,76226,2700,2700,image/webp
147,consol 6 kesho.webp,76710,2700,2700,image/webp
148,ketankhane.webp,72902,2700,2700,image/webp
149,komod 2.webp,55908,2700,2700,image/webp
150,komod 2 dar O.webp,73278,2700,2700,image/webp
151,komod 2 dar-7.webp,75544,2700,2700,image/webp
152,miz tahrir-9.webp,258742,2700,2700,image/webp
153,pa takhty-7.webp,111262,2700,2700,image/webp
154,PANNEL USB.webp,64720,2700,2700,image/webp
155,takht 120-6.webp,165928,2700,2700,image/webp
156,ketabkhane-6.webp,114996,2700,2700,image/webp
157,komod 2 dar-8.webp,129116,2700,2700,image/webp
158,miz arayesh-4.webp,183932,2700,2700,image/webp
159,miz arayesh2.webp,187892,2700,2700,image/webp
160,miz arayesh2-.webp,196472,2700,2700,image/webp
161,miz tahrir light-1.webp,148164,2700,2700,image/webp
162,AYNE.webp,64588,2700,2700,image/webp
163,box tahrir.webp,60716,2700,2700,image/webp
164,ketabkhane kesho dar.webp,80722,2700,2700,image/webp
165,ketabkhane-7.webp,49866,2700,2700,image/webp
166,komod 3 dar-4.webp,71398,2700,2700,image/webp
167,pa takhty-8.webp,78474,2700,2700,image/webp
168,TAKHT 100-3.webp,133142,2700,2700,image/webp
169,komod 2 dar-9.webp,60228,2700,2700,image/webp
170,komod 3 dar-5.webp,66670,2700,2700,image/webp
171,miz arayesh-5.webp,76742,2700,2700,image/webp
172,miz arayesh-ayne.webp,61106,2700,2700,image/webp
173,miz tahrir-10.webp,82454,2700,2700,image/webp
174,TAKHT 100-4.webp,120764,2700,2700,image/webp
175,TAKHT 120-2.webp,110142,2700,2700,image/webp
176,ayne ghadi-7.webp,56846,2700,2700,image/webp
177,ayne miz arayesh-2.webp,60434,2700,2700,image/webp
178,btaket.webp,37652,2160,2160,image/webp
179,deraver 6 kesho-1.webp,60242,2160,2160,image/webp
180,file 5 kesho-4.webp,63110,2160,2160,image/webp
181,ketabkhane-8.webp,43172,2160,2160,image/webp
182,komod 3 dar-6.webp,85998,2700,2700,image/webp
183,komod talfighi.webp,80294,2700,2700,image/webp
184,miz arayesh-6.webp,112054,2700,2700,image/webp
185,miz tahrir-11.webp,155066,2700,2700,image/webp
186,miz taviz-2.webp,101550,2700,2700,image/webp
187,pa takhty-9.webp,99544,2700,2700,image/webp
188,takht 2 manzore.webp,52592,1920,1920,image/webp
189,takht 2 manzore2.webp,86256,1920,1920,image/webp
190,takht 100 1.webp,170166,2700,2700,image/webp
191,takht 100 2.webp,122804,2700,2700,image/webp
192,takht 120 1.webp,178822,2700,2700,image/webp
193,takht 120 2.webp,97138,2700,2700,image/webp
194,takht 120 3.webp,117630,2700,2700,image/webp
195,takht 160 1.webp,145820,2700,2700,image/webp
196,takht 160 2.webp,90114,2700,2700,image/webp
197,takht nozad-2.webp,226448,2700,2700,image/webp
198,vitrin-2.webp,114122,2700,2700,image/webp
199,AYNE GHADI.webp,156668,2700,2700,image/webp
200,ayne taviz.webp,67674,2700,2700,image/webp
201,beraket-2.webp,78722,2700,2700,image/webp
202,box nozad-2.webp,131016,2700,2700,image/webp
203,ketabkhone.webp,119886,2700,2700,image/webp
204,komod 2 dar mid.webp,79532,2700,2700,image/webp
205,komod talfighi-1.webp,91964,2700,2700,image/webp
206,miz arayesh-7.webp,114702,2700,2700,image/webp
207,miz tahrir-12.webp,201010,2700,2700,image/webp
208,miz taviz-3.webp,118484,2700,2700,image/webp
209,pa takhty-10.webp,82196,2700,2700,image/webp
210,takht 2 manzore-1.webp,52134,1920,1920,image/webp
211,takht 100 2-1.webp,193786,2700,2700,image/webp
212,takht 100-3.webp,103196,2700,2700,image/webp
213,takht 120 2-1.webp,178936,2700,2700,image/webp
214,takht 120-7.webp,100448,2700,2700,image/webp
215,takht 160 2-1.webp,171690,2700,2700,image/webp
216,takht 160-5.webp,91198,2700,2700,image/webp
217,takht nozad - box kerem.webp,125050,1920,1920,image/webp
218,takht nozad - box.webp,245996,2700,2700,image/webp
219,takht nozad-3.webp,172622,2700,2700,image/webp
220,vitrin-3.webp,127900,2700,2700,image/webp
221,ayne ghadi-8.webp,154700,2700,2700,image/webp
222,beraket-3.webp,66986,2700,2700,image/webp
223,boz takht.webp,159202,2700,2700,image/webp
224,ketabkhane-9.webp,114850,2700,2700,image/webp
225,komod 2 dar-10.webp,85896,2700,2700,image/webp
226,komod 3 dar-7.webp,89826,2700,2700,image/webp
227,miz arayesh new.webp,94272,2700,2700,image/webp
228,miz tahrir-13.webp,110482,2700,2700,image/webp
229,pa takhty-11.webp,74544,2700,2700,image/webp
230,pagboard.webp,140098,2700,2700,image/webp
231,sandali arayesh-2.webp,121714,2700,2700,image/webp
232,sandali tahrir.webp,160358,2700,2700,image/webp
233,takht 120-8.webp,88782,2700,2700,image/webp
234,takht 120teddy.webp,205896,2700,2700,image/webp
235,ayne ghadi-9.webp,50816,2700,2700,image/webp
236,ayne miz arayesh-3.webp,96042,2700,2700,image/webp
237,ketabkhane-10.webp,96000,2700,2700,image/webp
238,komod 2 dar-11.webp,53596,2700,2700,image/webp
239,komod 3 dar-8.webp,64096,2700,2700,image/webp
240,miz arayesh-8.webp,82152,2700,2700,image/webp
241,komod 2 dar-12.webp,256410,2700,2700,image/webp
242,komod 3 dar-9.webp,145980,2700,2700,image/webp
243,miz tahrir-14.webp,128410,2700,2700,image/webp
244,pa takhty-12.webp,144564,2700,2700,image/webp
245,takht 120-9.webp,374912,2700,2700,image/webp
246,takht 120 asli.webp,328436,2700,2700,image/webp
247,takht 160-6.webp,370364,2700,2700,image/webp
248,ayne deraver.webp,137358,2700,2700,image/webp
249,ayne ghadi-10.webp,92354,2700,2700,image/webp
250,beraket-4.webp,115666,2700,2700,image/webp
251,deraver 4 kesho.webp,283332,2700,2700,image/webp
252,ketabkhane 5k 16bit.webp,361016,5400,5400,image/webp
253,ketabkhane-11.webp,115116,2700,2700,image/webp
254,all-3.webp,198198,2700,2700,image/webp
255,ayne ghadi-11.webp,59060,2700,2700,image/webp
256,ayne miz arayesh-4.webp,71634,2700,2700,image/webp
257,ayne miz arayesh mid.webp,76472,2700,2700,image/webp
258,consol 6 kesho-1.webp,64778,2700,2700,image/webp
259,ketabkhane mid.webp,107538,2700,2700,image/webp
260,ketabkhane-12.webp,114346,2700,2700,image/webp
261,komod 2 dar-13.webp,114404,2700,2700,image/webp
262,komod 2 dar mid-1.webp,129680,2700,2700,image/webp
263,miz arayesh 2.webp,115594,2700,2700,image/webp
264,miz arayesh 2 mid.webp,128360,2700,2700,image/webp
265,MIZ ARAYESH mid.webp,115264,2700,2700,image/webp
266,MIZ ARAYESH-1.webp,104350,2700,2700,image/webp
267,miz tahrir mid.webp,137470,2700,2700,image/webp
268,miz tahrir-15.webp,140514,2700,2700,image/webp
269,PA TAKHTY-1.webp,80982,2700,2700,image/webp
270,panel.webp,443422,2700,2700,image/webp
271,TAKHT 100-5.webp,172962,2700,2700,image/webp
272,TAKHT 160.webp,154672,2700,2700,image/webp
273,pa takhty-13.webp,159746,2700,2700,image/webp
274,sandali miz arayesh.webp,190842,2700,2700,image/webp
275,takht 120-10.webp,157708,2700,2700,image/webp
276,takht 140.webp,154398,2700,2700,image/webp
277,takht 160-7.webp,128644,2700,2700,image/webp
278,ayne ghadi-12.webp,69142,2700,2700,image/webp
279,ayne miz arayesh-5.webp,106198,2700,2700,image/webp
280,consol 6 kesho-2.webp,155304,2700,2700,image/webp
281,miz arayesh-9.webp,111622,2700,2700,image/webp
282,miz arayesh-.webp,118238,2700,2700,image/webp
283,miz arayesh--.webp,122080,2700,2700,image/webp
323,ab58082b-db29-4d05-996b-8fa9b593c666.webp,51330,688,1552,image/webp
324,all (2).webp,207670,2700,2700,image/webp
325,all (3).webp,89042,1920,1350,image/webp
326,all (4).webp,80588,1920,1350,image/webp
327,all (5).webp,194160,2700,2700,image/webp
328,all (6).webp,245374,2700,2700,image/webp
329,ab58082b-db29-4d05-996b-8fa9b593c666-1.webp,51330,688,1552,image/webp
330,all (2)-1.webp,207670,2700,2700,image/webp
331,all (3)-1.webp,89042,1920,1350,image/webp
332,all (4)-1.webp,80588,1920,1350,image/webp
333,all (5)-1.webp,194160,2700,2700,image/webp
334,all (6)-1.webp,245374,2700,2700,image/webp
335,all-4.webp,95342,1920,1350,image/webp
336,all-5.webp,85548,1920,1350,image/webp
337,fale-1.webp,321756,3051,2160,image/webp
338,kerem-1.webp,68082,1920,1350,image/webp
339,3fa773ad-cde6-48a9-a699-ad046b36c67e.webp,55762,768,1376,image/webp
340,8c271a60-3faf-477a-8353-39a63a077ea0.webp,136452,688,1552,image/webp
341,baloot-bookcase-picture.webp,3178418,6336,9504,image/webp
342,baloot-console-3-drawers-picture.webp,2080488,5304,7952,image/webp
343,baloot-convertible-bed-teen-picture.webp,2842178,6279,9419,image/webp
344,baloot-nightstand-picture.webp,3934536,6336,9504,image/webp
345,baloot-single-bed-100-high-picture-v2.webp,4978542,9504,6336,image/webp
346,baloot-single-bed-100-high-picture.webp,5210774,7239,9048,image/webp
347,baloot-single-bed-100-low-picture.webp,2764086,7952,5164,image/webp
348,baloot-standing-mirror-picture.webp,6473938,6336,9504,image/webp
349,baloot-study-chair-picture.webp,2141520,5304,7952,image/webp
350,baloot-study-desk-picture.webp,3019732,6336,9504,image/webp
351,baloot-console-vanity-mirror-picture.webp,4417796,6336,9504,image/webp
352,baloot-vanity-4-drawers-picture-v2.webp,6634840,6336,9504,image/webp
353,baloot-vanity-4-drawers-picture.webp,3722998,6336,9504,image/webp
354,baloot-vanity-chair-picture.webp,1723770,6336,9504,image/webp
355,baloot-wardrobe-2-doors-mdf-picture.webp,4491072,6336,9504,image/webp
356,baloot-wardrobe-3-doors-mdf-picture.webp,6373460,6336,9504,image/webp
357,bw-bookcase.webp,56748,2700,2700,image/webp
358,bw-nightstand.webp,95870,2700,2700,image/webp
359,bw-single-bed-100.webp,483042,2700,2700,image/webp
360,bw-standing-mirror.webp,111250,2700,3626,image/webp
361,bw-study-desk.webp,89220,2700,2700,image/webp
362,bw-console-vanity-mirror.webp,142010,2700,2700,image/webp
363,bw-vanity-3-drawers.webp,102806,2700,2700,image/webp
364,bw-wall-mirror-round.webp,120992,3240,3240,image/webp
365,bw-wall-shelf.webp,47428,2700,2700,image/webp
366,bw-wardrobe-1-doors-glass-v2.webp,46608,2700,2700,image/webp
367,bw-wardrobe-1-doors-glass.webp,46196,2700,2700,image/webp
368,bw-wardrobe-1-doors-mdf.webp,48918,2700,2700,image/webp
369,bw-wardrobe-2-doors-glass.webp,67004,2700,2700,image/webp
370,bw-wardrobe-2-doors-mdf.webp,72322,2700,2700,image/webp
371,bw-bookcase-picture-v2.webp,690230,2700,2700,image/webp
372,bw-bookcase-picture.webp,735426,2700,2700,image/webp
373,bw-nightstand-picture-v2.webp,716606,2700,2700,image/webp
374,bw-nightstand-picture.webp,950374,2700,2700,image/webp
375,bw-scene-all-night-picture.webp,228734,2565,1350,image/webp
376,bw-scene-all-picture-v2.webp,1225650,5320,2700,image/webp
377,bw-scene-all-picture.webp,1231292,5320,2700,image/webp
378,bw-scene-half-2-picture-v2.webp,1381144,3840,2700,image/webp
379,bw-scene-half-3-picture-v2.webp,1058626,3840,2700,image/webp
380,bw-scene-half-3-picture-v3.webp,1053364,3840,2700,image/webp
381,bw-scene-half-3-picture.webp,1089374,3840,2700,image/webp
382,bw-scene-half-4-picture-v2.webp,793078,3840,2700,image/webp
383,bw-scene-half-picture-v2.webp,1279008,3840,2700,image/webp
384,bw-scene-half-picture-v3.webp,1436684,3840,2700,image/webp
385,bw-scene-half-picture-v4.webp,822670,3840,2700,image/webp
386,bw-scene-half-picture.webp,1357158,3840,2700,image/webp
387,bw-single-bed-120-picture-v2.webp,1051620,2700,2700,image/webp
388,bw-single-bed-120-picture.webp,1157066,2700,2700,image/webp
389,bw-standing-mirror-picture.webp,453252,2700,2700,image/webp
390,bw-study-desk-picture-v2.webp,679930,2700,2700,image/webp
391,bw-study-desk-picture.webp,698586,2700,2700,image/webp
392,bw-vanity-3-drawers-picture-v2.webp,547940,2700,2700,image/webp
393,bw-vanity-3-drawers-picture-v3.webp,577478,2700,2700,image/webp
394,bw-vanity-3-drawers-picture-v4.webp,121930,2700,2700,image/webp
395,bw-vanity-3-drawers-picture-v5.webp,681048,2700,2700,image/webp
396,bw-vanity-3-drawers-picture.webp,551516,2700,2700,image/webp
397,bw-wardrobe-1-doors-glass-picture.webp,477682,2700,2700,image/webp
398,bw-wardrobe-1-doors-mdf-picture.webp,429076,2700,2700,image/webp
399,bw-wardrobe-2-doors-mdf-picture-v2.webp,320568,2700,2700,image/webp
400,bw-wardrobe-2-doors-mdf-picture.webp,302554,2700,2700,image/webp
401,caroline-baby-bed.webp,343738,2700,2700,image/webp
402,caroline-bed-box.webp,217028,2700,2700,image/webp
403,caroline-bookcase.webp,101148,2160,2160,image/webp
404,caroline-changing-top.webp,93846,2160,2160,image/webp
405,caroline-collection.webp,491646,3051,2160,image/webp
406,caroline-convertible-bed-sofa.webp,206784,2160,2160,image/webp
407,caroline-double-bed-160.webp,221032,2160,2160,image/webp
408,caroline-file-5-drawers.webp,92750,2160,2160,image/webp
409,caroline-nightstand.webp,132270,2160,2160,image/webp
410,caroline-single-bed-100.webp,216814,2160,2160,image/webp
411,caroline-single-bed-120.webp,248870,2160,2160,image/webp
412,caroline-standing-mirror.webp,57472,2160,2160,image/webp
413,caroline-study-desk.webp,129562,2160,2160,image/webp
414,caroline-console-vanity-mirror.webp,63208,2160,2160,image/webp
415,caroline-vanity-3-drawers.webp,250124,4320,4320,image/webp
416,caroline-vanity-6-drawers.webp,120124,2160,2160,image/webp
417,caroline-wall-shelf.webp,62978,2160,2160,image/webp
418,caroline-wardrobe-2-doors-mdf.webp,340772,2160,2160,image/webp
419,caroline-wardrobe-3-doors-mdf.webp,446778,2160,2160,image/webp
420,celine-detail-picture-v2.webp,11481134,5873,7341,image/webp
421,celine-detail-picture-v3.webp,8760880,5909,8864,image/webp
422,celine-detail-picture.webp,7784272,5754,7191,image/webp
423,celine-double-bed-160-picture.webp,8652458,7528,9410,image/webp
424,celine-file-5-drawers-picture.webp,7817658,6336,9504,image/webp
425,celine-nightstand-picture-v2.webp,188060,1080,1350,image/webp
426,celine-nightstand-picture.webp,7333588,5362,6702,image/webp
427,celine-console-vanity-mirror-3-pieces-picture.webp,16695326,6336,9504,image/webp
428,celine-vanity-5-drawers-picture.webp,10357198,6093,9140,image/webp
429,celine-vanity-chair-picture.webp,12495334,6336,9504,image/webp
430,bw-study-chair-picture-v2.webp,118320,2700,2700,image/webp
431,bw-study-chair-picture-v3.webp,179186,2700,2700,image/webp
432,bw-study-chair-picture.webp,116074,2700,2700,image/webp
433,caroline-study-chair-picture-v2.webp,160154,2700,2700,image/webp
434,caroline-study-chair-picture-v3.webp,125592,2700,2700,image/webp
435,caroline-study-chair-picture-v4.webp,242402,2700,2700,image/webp
436,caroline-study-chair-picture.webp,175868,2700,2700,image/webp
437,iron-study-chair-picture-v2.webp,191796,2700,2700,image/webp
438,iron-study-chair-picture-v3.webp,241836,2700,2700,image/webp
439,iron-study-chair-picture-v4.webp,318346,2700,2700,image/webp
440,iron-study-chair-picture.webp,197582,2700,2700,image/webp
441,loof-study-chair-picture-v2.webp,218978,2700,2700,image/webp
442,loof-study-chair-picture-v3.webp,161938,2700,2700,image/webp
443,loof-study-chair-picture-v4.webp,219220,2700,2700,image/webp
444,loof-study-chair-picture.webp,183528,2700,2700,image/webp
445,lukaplus-vanity-chair-picture-v2.webp,204286,2700,2700,image/webp
446,skate-vanity-chair-picture-v2.webp,97922,2700,2700,image/webp
447,skate-vanity-chair-picture-v3.webp,107728,2700,2700,image/webp
448,skate-vanity-chair-picture-v4.webp,75666,2700,2700,image/webp
449,skate-vanity-chair-picture.webp,97886,2700,2700,image/webp
450,elegance-bookcase.webp,62708,2700,2700,image/webp
451,elegance-nightstand-v2.webp,63164,2700,2700,image/webp
452,elegance-nightstand.webp,71658,2700,2700,image/webp
453,elegance-single-bed-100.webp,189424,2700,2700,image/webp
454,elegance-standing-mirror.webp,70122,2700,2700,image/webp
455,elegance-study-desk-v2.webp,81580,2700,2700,image/webp
456,elegance-study-desk.webp,69424,2700,2700,image/webp
457,elegance-vanity-4-drawers.webp,73988,2700,2700,image/webp
458,elegance-wardrobe-2-doors-mdf.webp,67044,2700,2700,image/webp
459,elegance-wardrobe-3-doors-mdf.webp,77188,2700,2700,image/webp
460,elizabeth-bookcase-cream.webp,82290,2700,2700,image/webp
461,elizabeth-convertible-bed-teen-cream.webp,147586,1920,1920,image/webp
462,elizabeth-double-bed-160-cream.webp,269902,2700,2700,image/webp
463,elizabeth-file-5-drawers-cream.webp,105576,2700,2700,image/webp
464,elizabeth-loveseat-cream.webp,141958,2700,2700,image/webp
465,elizabeth-nightstand-cream.webp,86590,2700,2700,image/webp
466,elizabeth-single-bed-100-cream.webp,223590,2700,2700,image/webp
467,elizabeth-single-bed-120-cream.webp,226708,2700,2700,image/webp
468,elizabeth-standing-mirror-cream.webp,112066,2700,2700,image/webp
469,elizabeth-study-desk-cream.webp,103652,2700,2700,image/webp
470,elizabeth-console-vanity-mirror-cream.webp,113550,2700,2700,image/webp
471,elizabeth-vanity-2-drawers-cream.webp,112954,2700,2700,image/webp
472,elizabeth-vanity-4-drawers-chair-cream.webp,136740,2700,2700,image/webp
473,elizabeth-vanity-4-drawers-cream.webp,93582,2700,2700,image/webp
474,elizabeth-wall-shelf-cream.webp,47746,2700,2700,image/webp
475,elizabeth-wardrobe-2-doors-mdf-cream.webp,84800,2700,2700,image/webp
476,elizabeth-wardrobe-3-doors-mdf-cream.webp,91800,2700,2700,image/webp
477,elizabeth-bookcase-gray.webp,88216,2700,2700,image/webp
478,elizabeth-convertible-bed-teen-gray.webp,157982,1920,1920,image/webp
479,elizabeth-double-bed-160-gray.webp,303038,2700,2700,image/webp
480,elizabeth-file-5-drawers-gray.webp,106354,2700,2700,image/webp
481,elizabeth-loveseat-gray.webp,134370,2700,2700,image/webp
482,elizabeth-nightstand-gray.webp,109010,2700,2700,image/webp
483,elizabeth-single-bed-100-gray.webp,328710,2700,2700,image/webp
484,elizabeth-single-bed-120-gray.webp,241620,2700,2700,image/webp
485,elizabeth-standing-mirror-gray.webp,108538,2700,2700,image/webp
486,elizabeth-study-desk-gray.webp,102428,2700,2700,image/webp
487,elizabeth-console-vanity-mirror-gray.webp,120756,2700,2700,image/webp
488,elizabeth-vanity-2-drawers-gray.webp,119372,2700,2700,image/webp
489,elizabeth-vanity-4-drawers-chair-gray.webp,113594,2700,2700,image/webp
490,elizabeth-vanity-4-drawers-gray.webp,91370,2700,2700,image/webp
491,elizabeth-wall-shelf-gray.webp,53716,2700,2700,image/webp
492,elizabeth-wardrobe-2-doors-mdf-gray.webp,81504,2700,2700,image/webp
493,elizabeth-wardrobe-3-doors-mdf-gray.webp,94062,2700,2700,image/webp
494,gandom-baby-bed-v2.webp,1166390,5760,5760,image/webp
495,gandom-baby-bed.webp,361216,2700,2700,image/webp
496,gandom-bookcase.webp,209170,2700,2700,image/webp
497,gandom-file-3-drawers.webp,312502,2700,2700,image/webp
498,gandom-wall-shelf.webp,179770,2700,2700,image/webp
499,gandom-wardrobe-2-doors-mdf.webp,275912,2700,2700,image/webp
500,iron-bookcase-accessory.webp,206858,2700,2700,image/webp
501,iron-bookcase.webp,174648,2700,2700,image/webp
502,iron-collection.webp,317552,2700,2700,image/webp
503,iron-double-bed-160.webp,467048,2700,2700,image/webp
504,iron-file-5-drawers.webp,396566,2700,2700,image/webp
505,iron-nightstand.webp,171912,2700,2700,image/webp
506,iron-single-bed-100.webp,441574,2700,2700,image/webp
507,iron-single-bed-120.webp,448390,2700,2700,image/webp
508,iron-standing-mirror-regal.webp,128208,2700,2700,image/webp
509,iron-standing-mirror.webp,123406,2700,2700,image/webp
510,iron-study-desk-v2.webp,356584,2700,2700,image/webp
511,iron-study-desk.webp,329814,2700,2700,image/webp
512,iron-vanity-3-drawers.webp,366378,1920,1920,image/webp
513,iron-wall-mirror.webp,164624,2700,2700,image/webp
514,iron-wardrobe-1-doors-glass.webp,84350,2700,2700,image/webp
515,iron-wardrobe-1-doors-mdf.webp,262850,2700,2700,image/webp
516,iron-wardrobe-2-doors-glass.webp,163926,2700,2700,image/webp
517,iron-wardrobe-2-doors-mdf.webp,466406,2700,2700,image/webp
518,iron-bookcase-picture-v2.webp,1136902,2700,3840,image/webp
519,iron-bookcase-picture-v3.webp,1097804,2700,3840,image/webp
520,iron-bookcase-picture.webp,1449876,2700,3840,image/webp
521,iron-desk-pegboard-picture.webp,333158,2700,3840,image/webp
522,iron-file-5-drawers-picture-v2.webp,573802,2700,3840,image/webp
523,iron-file-5-drawers-picture.webp,661380,2700,3840,image/webp
524,iron-nightstand-picture-v2.webp,460106,2700,3840,image/webp
525,iron-nightstand-picture-v3.webp,363986,2700,3840,image/webp
526,iron-nightstand-picture-v4.webp,362170,2700,3840,image/webp
527,iron-nightstand-picture.webp,887940,2700,3840,image/webp
528,iron-scene-all-picture-v2.webp,548378,3840,2160,image/webp
529,iron-scene-all-picture.webp,578552,3840,2160,image/webp
530,iron-scene-half-2-picture-v2.webp,859648,3840,2700,image/webp
531,iron-scene-half-2-picture.webp,890110,3840,2700,image/webp
532,iron-scene-half-3-picture.webp,541628,3840,2160,image/webp
533,iron-scene-half-4-picture-v2.webp,568808,3840,2160,image/webp
534,iron-scene-half-4-picture.webp,517346,3840,2160,image/webp
535,iron-scene-half-5-picture-v2.webp,698992,3840,2160,image/webp
536,iron-scene-half-5-picture.webp,691470,3840,2160,image/webp
537,iron-scene-half-picture-v2.webp,1068038,3840,2700,image/webp
538,iron-scene-half-picture.webp,1074406,3840,2700,image/webp
539,iron-single-bed-120-picture-v2.webp,1430088,2700,3840,image/webp
540,iron-single-bed-120-picture-v3.webp,872696,2700,3840,image/webp
541,iron-single-bed-120-picture.webp,1464218,2700,3840,image/webp
542,iron-standing-mirror-regal-picture.webp,433462,2700,3840,image/webp
543,iron-study-desk-picture-v2.webp,903660,2700,3840,image/webp
544,iron-study-desk-picture.webp,790936,2700,3840,image/webp
545,iron-study-desk-scene-picture.webp,848910,3840,2700,image/webp
546,iron-vanity-3-drawers-picture-v2.webp,456448,2700,3840,image/webp
547,iron-vanity-3-drawers-picture.webp,495014,2700,3840,image/webp
548,iron-wardrobe-1-doors-mdf-picture-v2.webp,787628,2700,3840,image/webp
549,iron-wardrobe-1-doors-mdf-picture.webp,871990,2700,3840,image/webp
550,jacqueline-bookcase.webp,89996,2700,2700,image/webp
551,jacqueline-double-bed-160.webp,103070,2700,2700,image/webp
552,jacqueline-file-6-drawers.webp,95938,2700,2700,image/webp
553,jacqueline-nightstand.webp,95912,2700,2700,image/webp
554,jacqueline-single-bed-100.webp,85630,2700,2700,image/webp
555,jacqueline-single-bed-120.webp,81974,2700,2700,image/webp
556,jacqueline-study-desk-light.webp,83568,2700,2700,image/webp
557,jacqueline-study-desk.webp,89326,2700,2700,image/webp
558,jacqueline-console-vanity-mirror.webp,95966,2700,2700,image/webp
559,jacqueline-vanity-3-drawers.webp,125786,2700,2700,image/webp
560,jacqueline-wardrobe-2-doors-mdf-open.webp,91412,2700,2700,image/webp
561,jacqueline-wardrobe-2-doors-mdf-v2.webp,71036,2700,2700,image/webp
562,jacqueline-wardrobe-2-doors-mdf.webp,96388,2700,2700,image/webp
563,jacqueline-all-png-picture.webp,507034,4588,2160,image/webp
564,jacqueline-bookcase-picture-v2.webp,300674,2700,3840,image/webp
565,jacqueline-bookcase-picture-v3.webp,295932,2700,3840,image/webp
566,jacqueline-bookcase-picture.webp,565686,2700,3840,image/webp
567,jacqueline-double-bed-160-picture-v2.webp,1187392,2700,3840,image/webp
568,jacqueline-double-bed-160-picture-v3.webp,988536,2700,3840,image/webp
569,jacqueline-double-bed-160-picture-v4.webp,646258,2700,2700,image/webp
570,jacqueline-double-bed-160-picture-v5.webp,641064,2700,2700,image/webp
571,jacqueline-double-bed-160-picture-v6.webp,807234,2700,2700,image/webp
572,jacqueline-double-bed-160-picture-v7.webp,816164,2700,2700,image/webp
573,jacqueline-double-bed-160-picture.webp,1108382,2700,3840,image/webp
574,jacqueline-nightstand-picture-v2.webp,177130,2700,3840,image/webp
575,jacqueline-nightstand-picture-v3.webp,534198,2700,3840,image/webp
576,jacqueline-nightstand-picture.webp,269822,2700,3840,image/webp
577,jacqueline-scene-all-picture.webp,508978,4588,2160,image/webp
578,jacqueline-scene-half-120-picture-v2.webp,669778,3840,2160,image/webp
579,jacqueline-scene-half-120-picture.webp,651588,3840,2160,image/webp
580,jacqueline-scene-half-3-picture.webp,486058,3840,2160,image/webp
581,jacqueline-scene-half-picture-v2.webp,513136,3840,2160,image/webp
582,jacqueline-scene-half-picture.webp,575820,3840,2160,image/webp
583,jacqueline-single-bed-120-picture-v2.webp,1242256,2700,3840,image/webp
584,jacqueline-single-bed-120-picture-v3.webp,1325474,2700,3840,image/webp
585,jacqueline-single-bed-120-picture-v4.webp,1372542,2700,3840,image/webp
586,jacqueline-single-bed-120-picture.webp,1333020,2700,3840,image/webp
587,jacqueline-study-desk-picture-v2.webp,1029606,2700,3840,image/webp
588,jacqueline-study-desk-picture.webp,1046522,2700,3840,image/webp
589,jacqueline-study-desk-scene-picture.webp,472808,2700,3840,image/webp
590,jacqueline-vanity-3-drawers-picture-v2.webp,271144,2700,3840,image/webp
591,jacqueline-vanity-3-drawers-picture.webp,324986,2700,3840,image/webp
592,jacqueline-wardrobe-3-doors-mdf-picture-v2.webp,639320,2700,3840,image/webp
593,jacqueline-wardrobe-3-doors-mdf-picture-v3.webp,549352,2700,3840,image/webp
594,jacqueline-wardrobe-3-doors-mdf-picture-v4.webp,541658,2700,3840,image/webp
595,jacqueline-wardrobe-3-doors-mdf-picture-v5.webp,637442,2700,3840,image/webp
596,jacqueline-wardrobe-3-doors-mdf-picture-v6.webp,757064,2700,3840,image/webp
597,jacqueline-wardrobe-3-doors-mdf-picture-v7.webp,725108,2700,3840,image/webp
598,jacqueline-wardrobe-3-doors-mdf-picture-v8.webp,529344,2700,3840,image/webp
599,jacqueline-wardrobe-3-doors-mdf-picture.webp,591948,2700,3840,image/webp
600,loof-2-half-picture-cream.webp,669038,3840,2700,image/webp
601,loof-2-half-picture-v2-cream.webp,779324,3840,2700,image/webp
602,loof-bed-box-picture-cream.webp,506862,2700,2700,image/webp
603,loof-bed-box-picture-v2-cream.webp,488358,2700,2700,image/webp
604,loof-changing-table-picture-cream-v2.webp,167728,1920,1920,image/webp
605,loof-changing-table-picture-cream.webp,100236,1920,1920,image/webp
606,loof-changing-table-picture-v2-cream.webp,113754,1920,1920,image/webp
607,loof-convertible-bed-teen-picture-cream-v2.webp,602090,2700,2700,image/webp
608,loof-convertible-bed-teen-picture-cream.webp,685898,2700,2700,image/webp
609,loof-display-cabinet-picture-cream-v2.webp,159084,1920,1920,image/webp
610,loof-display-cabinet-picture-cream.webp,158274,1920,1920,image/webp
611,loof-scene-all-studio-light-picture-cream.webp,436014,3840,1899,image/webp
612,loof-cream-kid-loof-scene-half-picture-cream.webp,497824,3840,2268,image/webp
613,loof-cream-kid-loof-scene-half-picture-v2-cream.webp,437384,3840,2268,image/webp
614,loof-scene-soft-box-light-picture-cream.webp,243640,1920,1920,image/webp
615,loof-scene-sun-light-picture-cream.webp,217764,1920,1920,image/webp
616,loof-wall-shelf-picture-cream.webp,72672,1920,1920,image/webp
617,loof-wardrobe-2-doors-mdf-picture-cream-v2.webp,286184,1920,1920,image/webp
618,loof-cream-kid-loof-wardrobe-2-doors-mdf-picture-cream.webp,248464,1920,1920,image/webp
619,loof-bed-box-cream.webp,294564,2700,2700,image/webp
620,loof-bookcase-cream.webp,207422,2700,2700,image/webp
621,loof-changing-table-cream.webp,339042,2700,2700,image/webp
622,loof-convertible-bed-teen-cream.webp,296448,2700,2700,image/webp
623,loof-display-cabinet-cream.webp,213772,2700,2700,image/webp
624,loof-nightstand-cream.webp,254748,2700,2700,image/webp
625,loof-single-bed-120-cream.webp,445362,2700,2700,image/webp
626,loof-standing-mirror-cream.webp,95334,2700,2700,image/webp
627,loof-study-desk-cream.webp,210044,2700,2700,image/webp
628,loof-vanity-3-drawers-cream.webp,222264,2700,2700,image/webp
629,loof-wall-shelf-cream.webp,123312,2700,2700,image/webp
630,loof-wardrobe-2-doors-mdf-cream.webp,579512,2700,2700,image/webp
631,loof-wardrobe-3-doors-mdf-cream.webp,132764,2700,2700,image/webp
632,loof-wardrobe-3-doors-mdf-v2-cream.webp,699488,2700,2700,image/webp
633,loof-wardrobe-3-doors-mdf-v3-cream.webp,674696,2700,2700,image/webp
634,loof-bookcase-picture-cream.webp,387600,3840,2700,image/webp
635,loof-bookcase-picture-v2-cream.webp,350712,3840,2700,image/webp
636,loof-nightstand-picture-cream.webp,564530,3840,2700,image/webp
637,loof-nightstand-picture-v2-cream.webp,643746,3840,2700,image/webp
638,loof-scene-all-picture-cream.webp,441882,4020,2184,image/webp
639,loof-scene-all-picture-v2-cream.webp,571386,3840,2700,image/webp
640,loof-cream-teen-loof-scene-half-picture-cream.webp,726960,3840,2700,image/webp
641,loof-scene-half-picture-v2-cream-v2.webp,545014,3840,2700,image/webp
642,loof-cream-teen-loof-scene-half-picture-v2-cream.webp,828510,3840,2700,image/webp
643,loof-scene-half-picture-v3-cream.webp,451530,3840,2700,image/webp
644,loof-single-bed-120-picture-cream.webp,740418,3840,2700,image/webp
645,loof-single-bed-120-picture-v2-cream.webp,692654,3840,2700,image/webp
646,loof-standing-mirror-picture-cream.webp,381750,3840,2700,image/webp
647,loof-standing-mirror-picture-v2-cream.webp,323156,3840,2700,image/webp
648,loof-study-desk-picture-cream.webp,518878,3840,2700,image/webp
649,loof-study-desk-picture-v2-cream.webp,604170,3840,2700,image/webp
650,loof-study-desk-picture-v3-cream.webp,572974,3840,2700,image/webp
651,loof-takht-2-picture-cream.webp,641104,3840,2700,image/webp
652,loof-takht-3-picture-cream.webp,856038,3840,2700,image/webp
653,loof-takht2-picture-cream.webp,704862,3840,2700,image/webp
654,loof-takht3-picture-cream.webp,1047198,3840,2700,image/webp
655,loof-vanity-3-drawers-picture-cream.webp,296900,3840,2700,image/webp
656,loof-wardrobe-2-doors-mdf-open-picture-cream.webp,439202,3840,2700,image/webp
657,loof-wardrobe-2-doors-mdf-open-picture-v2-cream.webp,297296,3840,2700,image/webp
658,loof-cream-teen-loof-wardrobe-2-doors-mdf-picture-cream.webp,388714,3840,2700,image/webp
659,loof-bed-box-green.webp,347582,2700,2700,image/webp
660,loof-bookcase-green.webp,210160,2700,2700,image/webp
661,loof-changing-table-green.webp,431754,2700,2700,image/webp
662,loof-changing-top-green.webp,100612,2160,2160,image/webp
663,loof-collection-green.webp,367828,2700,2700,image/webp
664,loof-display-cabinet-green.webp,203922,2700,2700,image/webp
665,loof-nightstand-high-green.webp,205090,2700,2700,image/webp
666,loof-nightstand-high-v2-green.webp,186616,2700,2700,image/webp
667,loof-nightstand-mid-green.webp,168892,2700,2700,image/webp
668,loof-single-bed-120-green.webp,435552,2700,2700,image/webp
669,loof-standing-mirror-green.webp,98614,2700,2700,image/webp
670,loof-study-desk-green.webp,218764,2700,2700,image/webp
671,loof-console-vanity-mirror-green.webp,151906,2700,2700,image/webp
672,loof-vanity-3-drawers-green.webp,246444,2700,2700,image/webp
673,loof-wall-shelf-green.webp,120340,2700,2700,image/webp
674,loof-wardrobe-2-doors-mdf-green.webp,585390,2700,2700,image/webp
675,loof-wardrobe-3-doors-mdf-green.webp,811174,2700,2700,image/webp
676,lorena-bed-120.webp,295730,2700,2700,image/webp
677,lorena-bed-140.webp,320806,2700,2700,image/webp
678,lorena-console-6-drawers.webp,297672,2700,2700,image/webp
679,lorena-double-bed-160.webp,256982,2700,2700,image/webp
680,lorena-nightstand.webp,265964,2700,2700,image/webp
681,lorena-standing-mirror.webp,81362,2700,2700,image/webp
682,lorena-console-vanity-mirror.webp,177872,2700,2700,image/webp
683,lorena-vanity-3-drawers-chair.webp,293124,2700,2700,image/webp
684,lorena-vanity-3-drawers-v2.webp,173070,2700,2700,image/webp
685,lorena-vanity-3-drawers-v3.webp,177644,2700,2700,image/webp
686,lorena-vanity-3-drawers.webp,163714,2700,2700,image/webp
687,lotus-bookcase-mid.webp,147070,2700,2700,image/webp
688,lotus-bookcase.webp,159192,2700,2700,image/webp
689,lotus-collection.webp,303332,2700,2700,image/webp
690,lotus-double-bed-160.webp,282960,2700,2700,image/webp
691,lotus-file-6-drawers.webp,94034,2700,2700,image/webp
692,lotus-headboard-usb-panel.webp,708254,2700,2700,image/webp
693,lotus-nightstand.webp,117288,2700,2700,image/webp
694,lotus-single-bed-100.webp,299734,2700,2700,image/webp
695,lotus-standing-mirror.webp,71202,2700,2700,image/webp
696,lotus-study-desk-mid.webp,196342,2700,2700,image/webp
697,lotus-study-desk.webp,207680,2700,2700,image/webp
698,lotus-console-vanity-mirror-mid.webp,102636,2700,2700,image/webp
699,lotus-console-vanity-mirror.webp,94004,2700,2700,image/webp
700,lotus-vanity-3-drawers-mid.webp,178088,2700,2700,image/webp
701,lotus-vanity-3-drawers-v2-mid.webp,205788,2700,2700,image/webp
702,lotus-vanity-3-drawers-v2.webp,186488,2700,2700,image/webp
703,lotus-vanity-3-drawers.webp,162084,2700,2700,image/webp
704,lotus-wardrobe-2-doors-mdf-mid.webp,228780,2700,2700,image/webp
705,lotus-wardrobe-2-doors-mdf.webp,198104,2700,2700,image/webp
706,lotus-bookcase-picture-v2.webp,822756,2700,3840,image/webp
707,lotus-bookcase-picture.webp,656002,2700,3840,image/webp
708,lotus-factor-picture-v0.webp,571746,3840,2160,image/webp
709,lotus-factor-picture-v1.webp,697454,3840,2160,image/webp
710,lotus-half5png-picture.webp,383144,3840,2155,image/webp
711,lotus-nightstand-picture-v2.webp,192532,2700,3840,image/webp
712,lotus-nightstand-picture-v3.webp,184582,2700,3840,image/webp
713,lotus-nightstand-picture-v4.webp,194632,2700,3840,image/webp
714,lotus-nightstand-picture.webp,154504,2700,3840,image/webp
715,lotus-scene-all-night-picture.webp,248246,4948,2155,image/webp
716,lotus-scene-all-picture-v2.webp,577290,4948,2155,image/webp
717,lotus-scene-all-picture.webp,619402,4948,2155,image/webp
718,lotus-scene-half-2-picture-v2.webp,494616,3840,2700,image/webp
719,lotus-scene-half-2-picture.webp,511142,3840,2700,image/webp
720,lotus-scene-half-3-picture-v2.webp,829798,3840,2700,image/webp
721,lotus-scene-half-3-picture.webp,679716,3840,2700,image/webp
722,lotus-scene-half-4-picture-v2.webp,588154,3840,2700,image/webp
723,lotus-scene-half-4-picture.webp,667758,3840,2700,image/webp
724,lotus-scene-half-5-picture-v2.webp,410416,3840,2155,image/webp
725,lotus-scene-half-6-picture-v2.webp,521834,3840,2155,image/webp
726,lotus-scene-half-6-picture.webp,564188,3840,2155,image/webp
727,lotus-scene-half-7-picture-v2.webp,622270,3840,2155,image/webp
728,lotus-scene-half-picture-v2.webp,527322,3840,2160,image/webp
729,lotus-scene-half-picture-v7.webp,574980,3840,2155,image/webp
730,lotus-scene-half-picture.webp,635692,3840,2160,image/webp
731,lotus-scene-night-picture.webp,343462,3840,2160,image/webp
732,lotus-scene-rim-light-picture.webp,562152,3840,2160,image/webp
733,lotus-single-bed-120-picture-v2.webp,969642,2700,3840,image/webp
734,lotus-single-bed-120-picture.webp,1205132,2700,3840,image/webp
735,lotus-standing-mirror-picture-v2.webp,373828,2700,3840,image/webp
736,lotus-standing-mirror-picture-v4.webp,434408,2700,3840,image/webp
737,lotus-standing-mirror-picture.webp,312732,2700,3840,image/webp
738,lotus-study-desk-picture-v2.webp,341266,2700,3840,image/webp
739,lotus-study-desk-picture-v3.webp,571198,2700,3840,image/webp
740,lotus-study-desk-picture-v4.webp,589658,2700,3840,image/webp
741,lotus-study-desk-picture.webp,294774,2700,3840,image/webp
742,lotus-takht2-picture-v2.webp,832410,2700,3840,image/webp
743,lotus-takht2-picture.webp,950060,2700,3840,image/webp
744,lotus-vanity-3-drawers-picture-v2.webp,451152,2700,3840,image/webp
745,lotus-vanity-3-drawers-picture-v3.webp,248758,2700,3840,image/webp
746,lotus-vanity-3-drawers-picture-v4.webp,402014,2700,3840,image/webp
747,lotus-vanity-3-drawers-picture.webp,348484,2700,3840,image/webp
748,lotus-wardrobe-2-doors-mdf-picture-v2.webp,464020,2700,3840,image/webp
749,lotus-wardrobe-2-doors-mdf-picture-v3.webp,520776,2700,3840,image/webp
750,lotus-wardrobe-2-doors-mdf-picture-v4.webp,520800,2700,3840,image/webp
751,lotus-wardrobe-2-doors-mdf-picture.webp,420654,2700,3840,image/webp
752,lukaplus-double-bed-160-picture-v2.webp,1285264,3840,2700,image/webp
753,lukaplus-double-bed-160-picture-v3.webp,1257896,3840,2700,image/webp
754,lukaplus-double-bed-160-picture-v4.webp,1033408,3840,2700,image/webp
755,lukaplus-double-bed-160-picture.webp,973540,3840,2700,image/webp
756,lukaplus-couple-lukaplus-nightstand-picture-v2.webp,1172518,3840,2700,image/webp
757,lukaplus-couple-lukaplus-nightstand-picture.webp,1666042,3840,2700,image/webp
758,lukaplus-couple-lukaplus-scene-half-picture-v2.webp,398192,3717,1718,image/webp
759,lukaplus-scene-half-picture-v3.webp,1066982,3840,2700,image/webp
760,lukaplus-couple-lukaplus-scene-half-picture.webp,937566,3840,2700,image/webp
761,lukaplus-standing-mirror-picture.webp,1010712,3840,2700,image/webp
762,lukaplus-vanity-4-drawers-picture-v2.webp,803312,3840,2700,image/webp
763,lukaplus-vanity-4-drawers-picture.webp,791308,3840,2700,image/webp
764,lukaplus-bookcase-v2.webp,616412,5400,5400,image/webp
765,lukaplus-bookcase.webp,173760,2700,2700,image/webp
766,lukaplus-double-bed-160.webp,539126,2700,2700,image/webp
767,lukaplus-nightstand.webp,257860,2700,2700,image/webp
768,lukaplus-single-bed-120-v2.webp,465364,2700,2700,image/webp
769,lukaplus-single-bed-120.webp,558118,2700,2700,image/webp
770,lukaplus-standing-mirror.webp,129350,2700,2700,image/webp
771,lukaplus-study-desk.webp,215070,2700,2700,image/webp
772,lukaplus-console-vanity-mirror.webp,244406,2700,2700,image/webp
773,lukaplus-vanity-4-drawers.webp,587846,2700,2700,image/webp
774,lukaplus-wall-shelf.webp,207326,2700,2700,image/webp
775,lukaplus-wardrobe-2-doors-mdf.webp,427344,2700,2700,image/webp
776,lukaplus-wardrobe-3-doors-mdf.webp,293562,2700,2700,image/webp
777,lukaplus-bookcase-picture-v2.webp,638116,3200,2700,image/webp
778,lukaplus-bookcase-picture-v3.webp,602292,3200,2700,image/webp
779,lukaplus-bookcase-picture.webp,655510,3200,2700,image/webp
780,lukaplus-night-all-picture.webp,869504,4441,2160,image/webp
781,lukaplus-teen-lukaplus-nightstand-picture-v2.webp,1050866,3200,2700,image/webp
782,lukaplus-nightstand-picture-v3.webp,735940,3200,2700,image/webp
783,lukaplus-teen-lukaplus-nightstand-picture.webp,1332082,3200,2700,image/webp
784,lukaplus-teen-lukaplus-scene-half-picture-v2.webp,672832,3225,1920,image/webp
785,lukaplus-scene-half-picture-v5.webp,671948,2700,1920,image/webp
786,lukaplus-teen-lukaplus-scene-half-picture.webp,556190,3200,2700,image/webp
787,lukaplus-single-bed-120-picture-v2.webp,1232214,3200,2700,image/webp
788,lukaplus-single-bed-120-picture-v3.webp,964690,3200,2700,image/webp
789,lukaplus-single-bed-120-picture-v4.webp,1359806,3200,2700,image/webp
790,lukaplus-single-bed-120-picture.webp,1096660,3200,2700,image/webp
791,lukaplus-study-desk-picture-v2.webp,413904,3200,2700,image/webp
792,lukaplus-study-desk-picture.webp,414162,3200,2700,image/webp
793,lukaplus-wall-shelf-picture-v2.webp,302324,3200,2700,image/webp
794,lukaplus-wall-shelf-picture.webp,217898,3200,2700,image/webp
795,lukaplus-wardrobe-2-doors-mdf-picture-v2.webp,498770,3200,2700,image/webp
796,lukaplus-wardrobe-2-doors-mdf-picture-v3.webp,551794,3200,2700,image/webp
797,lukaplus-wardrobe-2-doors-mdf-picture.webp,520952,3200,2700,image/webp
798,mocha-bookcase.webp,148472,2700,2700,image/webp
799,mocha-desk-pegboard.webp,237118,2700,2700,image/webp
800,mocha-nightstand.webp,100712,2700,2700,image/webp
801,mocha-single-bed-120-teddy.webp,317214,2700,2700,image/webp
802,mocha-single-bed-120.webp,137426,2700,2700,image/webp
803,mocha-standing-mirror.webp,63996,2700,2700,image/webp
804,mocha-study-chair.webp,248222,2700,2700,image/webp
805,mocha-study-desk.webp,152376,2700,2700,image/webp
806,mocha-console-vanity-mirror.webp,149674,2700,2700,image/webp
807,mocha-vanity-3-drawers-chair.webp,184936,2700,2700,image/webp
808,mocha-vanity-3-drawers-v2.webp,122470,2700,2700,image/webp
809,mocha-vanity-3-drawers.webp,112622,2700,2700,image/webp
810,mocha-wardrobe-2-doors-mdf.webp,68940,2700,2700,image/webp
811,mocha-wardrobe-3-doors-mdf.webp,90218,2700,2700,image/webp
812,parla-bunk-bed-full-cream.webp,610508,2700,2700,image/webp
813,parla-bunk-bed-full-green.webp,605586,2700,2700,image/webp
814,parla-baby-bed-box-cream-cream.webp,203342,1920,1920,image/webp
815,parla-baby-bed-box-cream.webp,417644,2700,2700,image/webp
816,parla-baby-bed-cream.webp,301088,2700,2700,image/webp
817,parla-bed-box-cream.webp,275740,2700,2700,image/webp
818,parla-bookcase-cream.webp,220884,2700,2700,image/webp
819,parla-changing-table-cream.webp,185100,2700,2700,image/webp
820,parla-combined-wardrobe-cream.webp,135318,2700,2700,image/webp
821,parla-convertible-bed-teen-cream.webp,78998,1920,1920,image/webp
822,parla-display-cabinet-cream.webp,210308,2700,2700,image/webp
823,parla-double-bed-160-cream.webp,140606,2700,2700,image/webp
824,parla-double-bed-160-v2-cream.webp,266562,2700,2700,image/webp
825,parla-nightstand-cream.webp,124778,2700,2700,image/webp
826,parla-single-bed-100-cream.webp,164870,2700,2700,image/webp
827,parla-single-bed-100-v2-cream.webp,311016,2700,2700,image/webp
828,parla-single-bed-120-cream.webp,159178,2700,2700,image/webp
829,parla-single-bed-120-v2-cream.webp,300290,2700,2700,image/webp
830,parla-standing-mirror-cream.webp,280414,2700,2700,image/webp
831,parla-study-desk-cream.webp,348812,2700,2700,image/webp
832,parla-vanity-4-drawers-cream.webp,158582,2700,2700,image/webp
833,parla-wall-shelf-cream.webp,107684,2700,2700,image/webp
834,parla-wardrobe-2-doors-mdf-cream.webp,120232,2700,2700,image/webp
835,parla-wardrobe-3-doors-mdf-cream.webp,130028,2700,2700,image/webp
836,parla-baby-bed-green.webp,377138,2700,2700,image/webp
837,parla-bed-box-green.webp,221126,2700,2700,image/webp
838,parla-bookcase-green.webp,212546,2700,2700,image/webp
839,parla-changing-mirror-green.webp,87464,2700,2700,image/webp
840,parla-changing-table-green.webp,153822,2700,2700,image/webp
841,parla-combined-wardrobe-green.webp,119730,2700,2700,image/webp
842,parla-convertible-bed-teen-green.webp,78052,1920,1920,image/webp
843,parla-convertible-bed-teen-v2-green.webp,144278,1920,1920,image/webp
844,parla-display-cabinet-green.webp,198034,2700,2700,image/webp
845,parla-double-bed-160-green.webp,249950,2700,2700,image/webp
846,parla-double-bed-160-v2-green.webp,136890,2700,2700,image/webp
847,parla-nightstand-green.webp,154110,2700,2700,image/webp
848,parla-single-bed-100-green.webp,305144,2700,2700,image/webp
849,parla-single-bed-100-v2-green.webp,199378,2700,2700,image/webp
850,parla-single-bed-120-green.webp,308064,2700,2700,image/webp
851,parla-single-bed-120-v2-green.webp,155638,2700,2700,image/webp
852,parla-single-bed-120-v3-green.webp,190260,2700,2700,image/webp
853,parla-standing-mirror-green.webp,274594,2700,2700,image/webp
854,parla-study-desk-green.webp,262934,2700,2700,image/webp
855,parla-vanity-4-drawers-green.webp,152944,2700,2700,image/webp
856,parla-wall-shelf-green.webp,125766,2700,2700,image/webp
857,parla-wardrobe-2-doors-mdf-mid-green.webp,115526,2700,2700,image/webp
858,parla-wardrobe-3-doors-mdf-green.webp,122998,2700,2700,image/webp
859,sento-bookcase.webp,55266,2160,2160,image/webp
860,sento-file-5-drawers.webp,76850,2160,2160,image/webp
861,sento-file-6-drawers.webp,76024,2160,2160,image/webp
862,sento-single-bed-100.webp,197346,2700,2700,image/webp
863,sento-single-bed-120.webp,179710,2700,2700,image/webp
864,sento-standing-mirror.webp,69602,2700,2700,image/webp
865,sento-study-desk.webp,108240,2700,2700,image/webp
866,sento-console-vanity-mirror.webp,93752,2700,2700,image/webp
867,sento-vanity-3-drawers-with-mirror.webp,78954,2700,2700,image/webp
868,sento-vanity-3-drawers.webp,101638,2700,2700,image/webp
869,sento-wall-shelf.webp,53008,2160,2160,image/webp
870,sento-wardrobe-2-doors-mdf.webp,76964,2700,2700,image/webp
871,sento-wardrobe-3-doors-mdf.webp,90174,2700,2700,image/webp
872,shaylin-detail-picture-v2.webp,10603446,6336,7920,image/webp
873,shaylin-detail-picture-v3.webp,9372680,5802,7253,image/webp
874,shaylin-detail-picture-v4.webp,6252416,5840,7300,image/webp
875,shaylin-detail-picture-v5.webp,5252258,5306,6632,image/webp
876,shaylin-detail-picture-v6.webp,4447086,4162,5202,image/webp
877,shaylin-detail-picture.webp,13938676,6336,7920,image/webp
878,shaylin-double-bed-160-picture.webp,9307784,8886,11109,image/webp
879,shaylin-file-5-drawers-picture.webp,8620182,5376,6720,image/webp
880,shaylin-loveseat-picture.webp,5717212,5471,6839,image/webp
881,shaylin-nightstand-picture.webp,10754976,5713,7141,image/webp
882,shaylin-standing-mirror-picture.webp,1380528,5242,6552,image/webp
883,shaylin-console-vanity-mirror-3-pieces-picture.webp,9643550,5960,7450,image/webp
884,shaylin-vanity-3-drawers-picture.webp,5250954,5721,7151,image/webp
885,shaylin-vanity-chair-picture-v2.webp,10700032,6336,9504,image/webp
886,shaylin-vanity-chair-picture.webp,110690,1080,1350,image/webp
887,skate-bookcase-1-drawer.webp,94136,2700,2700,image/webp
888,skate-bookcase.webp,56020,2700,2700,image/webp
889,skate-nightstand.webp,95684,2700,2700,image/webp
890,skate-single-bed-100.webp,205008,2700,2700,image/webp
891,skate-study-desk-hutch.webp,73680,2700,2700,image/webp
892,skate-wall-mirror.webp,74214,2700,2700,image/webp
893,skate-wardrobe-3-doors-mdf.webp,84494,2700,2700,image/webp
894,verna-bookcase-picture.webp,150140,2700,2700,image/webp
895,verna-double-bed-160-picture-v2.webp,214926,2700,2700,image/webp
896,verna-double-bed-160-picture-v3.webp,166230,2700,2700,image/webp
897,verna-headboard-usb-panel-picture.webp,78084,2700,2700,image/webp
898,verna-nightstand-picture-v2.webp,152726,2700,2700,image/webp
899,verna-nightstand-picture.webp,142906,2700,2700,image/webp
900,verna-single-bed-120-picture-v2.webp,183610,2700,2700,image/webp
901,verna-single-bed-120-picture-v3.webp,193288,2700,2700,image/webp
902,verna-single-bed-120-picture-v4.webp,158340,2700,2700,image/webp
903,verna-single-bed-120-picture-v5.webp,799858,2700,2700,image/webp
904,verna-single-bed-120-picture.webp,266094,2700,2700,image/webp
905,verna-study-desk-light-picture-v2.webp,220890,2700,2700,image/webp
906,verna-study-desk-light-picture-v3.webp,485184,2700,2700,image/webp
907,verna-study-desk-light-picture-v4.webp,204260,2700,2700,image/webp
908,verna-study-desk-light-picture.webp,218388,2700,2700,image/webp
909,verna-study-desk-picture-v2.webp,338768,2700,2700,image/webp
910,verna-study-desk-picture-v3.webp,300516,2700,2700,image/webp
911,verna-study-desk-picture.webp,365422,2700,2700,image/webp
912,verna-vanity-3-drawers-picture-v2.webp,195568,2700,2700,image/webp
913,verna-vanity-3-drawers-picture.webp,241184,2700,2700,image/webp
914,verna-wardrobe-2-doors-mdf-picture.webp,164182,2700,2700,image/webp
915,verna-bookcase.webp,190086,2700,2700,image/webp
916,verna-headboard-usb-panel.webp,103572,2700,2700,image/webp
917,verna-nightstand.webp,174982,2700,2700,image/webp
918,verna-single-bed-120.webp,7176,530,359,image/webp
919,verna-study-desk-light.webp,289014,2700,2700,image/webp
920,verna-study-desk.webp,464676,2700,2700,image/webp
921,verna-vanity-3-drawers-v2-alt.webp,329030,2700,2700,image/webp
922,verna-vanity-3-drawers-v2.webp,328218,2700,2700,image/webp
923,verna-vanity-3-drawers.webp,311122,2700,2700,image/webp
924,verna-wardrobe-2-doors-mdf.webp,215636,2700,2700,image/webp
925,bedroom-set-bw.webp,113950,1920,1350,image/webp
926,bedroom-set-caroline.webp,396710,3051,2160,image/webp
927,bedroom-set-elegance.webp,57550,1920,1350,image/webp
928,bedroom-set-elizabeth.webp,83938,1920,1350,image/webp
929,bedroom-set-gandom.webp,102396,1920,1350,image/webp
930,bedroom-set-iron.webp,269972,2700,2700,image/webp
931,bedroom-set-loof.webp,303646,2700,2700,image/webp
932,bedroom-set-lorena.webp,96568,1920,1350,image/webp
933,bedroom-set-lotus.webp,253282,2700,2700,image/webp
934,bedroom-set-lukaplus.webp,116000,1920,1350,image/webp
935,bedroom-set-mocha.webp,73040,1920,1350,image/webp
936,bedroom-set-parla.webp,91184,1920,1350,image/webp
937,bedroom-set-skate.webp,65350,1920,1350,image/webp
938,3fa773ad-cde6-48a9-a699-ad046b36c67e-1.webp,55762,768,1376,image/webp
939,8c271a60-3faf-477a-8353-39a63a077ea0-1.webp,136452,688,1552,image/webp
940,ab58082b-db29-4d05-996b-8fa9b593c666-2.webp,51330,688,1552,image/webp
941,journal-tahkhab-baray-do-nasl.webp,74478,898,505,image/webp
942,journal-otaagh-dostane-do-farzand.webp,13854,389,505,image/webp
943,journal-cheraa-choob-gerdoo-irani.webp,38418,419,505,image/webp
944,journal-ravayat-servis-ebteda-ta-nasb.webp,38410,898,505,image/webp
945,journal-guide-wood-selection.webp,36504,601,505,image/webp
946,journal-komod-haafeze-sonnat.webp,9700,207,505,image/webp
947,journal-bedroom-calm-design.webp,72894,898,505,image/webp
948,journal-handese-monabbat-emrooz.webp,19620,263,505,image/webp
949,journal-wood-care-guide.webp,38190,545,505,image/webp
950,bedroom-set-lotus-namemark.webp,34308,700,700,image/webp
951,bedroom-set-parla-namemark.webp,16092,700,700,image/webp
952,bedroom-set-caroline-namemark.webp,24980,700,700,image/webp
953,bedroom-set-iron-namemark.webp,23784,700,700,image/webp
954,bedroom-set-jacqueline-namemark.webp,20498,700,700,image/webp
955,bedroom-set-lukaplus-namemark.webp,21672,700,700,image/webp
956,bedroom-set-loof-namemark.webp,31480,700,700,image/webp
957,bedroom-set-parla-baby-card.webp,134408,1200,1707,image/webp
959,bedroom-set-caroline-double-card.webp,179548,1200,1707,image/webp
960,bedroom-set-caroline-teen-card.webp,113972,1200,1707,image/webp
961,bedroom-set-lukaplus-double-card.webp,153968,1200,1707,image/webp
962,bedroom-set-loof-baby-card.webp,183278,1200,1707,image/webp
963,bedroom-set-jacqueline.webp,155180,1200,1707,image/webp
964,bedroom-set-verna.webp,172360,1200,1707,image/webp
965,bedroom-set-parla-bunk-card.webp,207964,1200,1707,image/webp
966,bedroom-set-parla-teen-card.webp,233946,1200,1707,image/webp
967,bedroom-set-lukaplus-teen-card.webp,261216,1200,1707,image/webp
968,bedroom-set-loof-teen-card.webp,180228,1200,1707,image/webp
969,bedroom-set-lotus-poster.webp,170754,1200,1707,image/webp
970,bedroom-set-parla-poster.webp,213454,1200,1707,image/webp
971,bedroom-set-caroline-poster.webp,96006,1200,1707,image/webp
972,bedroom-set-iron-poster.webp,226482,1200,1707,image/webp
973,bedroom-set-lukaplus-poster.webp,212858,1200,1707,image/webp
974,bedroom-set-loof-poster.webp,169956,1200,1707,image/webp
975,bedroom-set-bw-poster.webp,218136,1200,1707,image/webp
976,showroom-mashhad.webp,95040,900,1200,image/webp
977,showroom-bandar-abbas.webp,201042,900,1200,image/webp
978,showroom-babol.webp,241286,900,1200,image/webp
979,showroom-isfahan.webp,236476,900,1200,image/webp
980,showroom-urmia.webp,153666,900,1200,image/webp
981,showroom-tabriz.webp,295610,900,1200,image/webp
982,showroom-bukan.webp,274634,900,1200,image/webp
983,showroom-sanandaj.webp,326362,900,1200,image/webp
984,showroom-saveh.webp,250382,900,1200,image/webp
985,showroom-rasht.webp,213730,900,1200,image/webp
986,showroom-kermanshah.webp,245708,900,1200,image/webp
987,showroom-qom.webp,251620,900,1200,image/webp
988,showroom-lahijan.webp,304716,900,1200,image/webp
989,showroom-sari.webp,125814,900,1200,image/webp
990,showroom-hamedan.webp,241464,900,1200,image/webp
991,showroom-arak.webp,116180,900,1200,image/webp
992,iron-vanity-chair-picture-v2.webp,170380,2700,2700,image/webp
993,baloot-double-bed-160-180-high-picture-v2.webp,3514582,9504,6336,image/webp
994,baloot-double-bed-160-180-high-picture.webp,3716638,7239,9048,image/webp
995,baloot-double-bed-160-180-low-picture.webp,1921470,7952,5164,image/webp
996,baloot-single-bed-100-120-high-picture-v2.webp,3514582,9504,6336,image/webp
997,baloot-single-bed-100-120-high-picture.webp,3716638,7239,9048,image/webp
998,baloot-single-bed-100-120-low-picture.webp,1921470,7952,5164,image/webp
999,baloot-vanity-5-drawers-picture.webp,2415050,6336,9504,image/webp
1000,baloot-wardrobe-2-doors-picture.webp,3546906,6336,9504,image/webp
1001,baloot-wardrobe-3-doors-picture.webp,5115032,6336,9504,image/webp
1002,caroline-study-chair-v2.webp,213290,2700,2700,image/webp
1003,caroline-study-chair.webp,160492,2700,2700,image/webp
1004,caroline-vanity-chair.webp,145872,2700,2700,image/webp
1005,elegance-wall-mirror.webp,58698,2700,2700,image/webp
1006,elizabeth-console-3-drawes-cream.webp,86996,2700,2700,image/webp
1007,elizabeth-study-desk-5-drawers-cream-v2.webp,96538,2700,2700,image/webp
1008,elizabeth-study-desk-5-drawers-cream.webp,84520,2700,2700,image/webp
1009,elizabeth-study-desk-5-drawers-gray-v2.webp,91036,2700,2700,image/webp
1010,elizabeth-study-desk-5-drawers-gray.webp,104376,2700,2700,image/webp
1011,elizabeth-vanity-chair-cream.webp,96858,2700,2700,image/webp
1012,bedroom-set-jacqueline-poster.webp,149146,1200,1707,image/webp
1013,lorena-vanity-chair.webp,190842,2700,2700,image/webp
1014,mocha-vanity-chair.webp,121714,2700,2700,image/webp
1015,skate-study-desk-v2.webp,87418,2700,2700,image/webp
1016,skate-study-desk.webp,104356,2700,2700,image/webp
1017,skate-single-bed-100-v2.webp,128704,2700,2700,image/webp
1018,skate-single-bed-100-v3.webp,141874,2700,2700,image/webp
1019,skate-nightstand-v2.webp,78088,2700,2700,image/webp
1020,skate-nightstand-v3.webp,73076,2700,2700,image/webp
1021,verna-study-desk-alt1.webp,156906,2700,2700,image/webp
1022,verna-study-desk-detial.webp,353366,2700,2700,image/webp
1023,verna-study-deskwebp.webp,155008,2700,2700,image/webp
1024,verna-double-bed-160-v2.webp,128966,2700,2700,image/webp
1025,verna-double-bed-160.webp,166260,2700,2700,image/webp
1026,verna-headboard-usb-panel-detail.webp,64282,2700,2700,image/webp
1027,verna-nightstand-v2.webp,13938,816,728,image/webp
1028,bedroom-set-verna-poster.webp,167780,1200,1707,image/webp
1029,bedroom-set-parla-bunk-poster.webp,193962,1200,1707,image/webp
1030,hero.jpg,233920,1400,787,image/jpeg
1031,intro.jpg,81940,640,450,image/jpeg
1032,story.jpg,47678,520,365,image/jpeg
1033,mat-metal.jpg,13810,260,260,image/jpeg
1034,mat-mdf.jpg,16218,260,260,image/jpeg
1035,mat-fabric.jpg,19907,260,260,image/jpeg
1036,detail-headboard.jpg,33463,295,420,image/jpeg
1037,detail-metal.jpg,32687,295,420,image/jpeg
1038,detail-pegboard.jpg,33979,295,420,image/jpeg
1039,detail-personalize.jpg,63985,420,420,image/jpeg
1040,nikan-wardrobe-2-doors-v2.webp,97352,2700,2700,image/webp
1041,nikan-wardrobe-2-doors-v3.webp,68338,2700,2700,image/webp
1042,nikan-wardrobe-2-doors.webp,108904,2700,2700,image/webp
1043,nikan-bunk-bed-full-v2.webp,274516,2700,2700,image/webp
1044,nikan-bunk-bed-full-v3.webp,249988,2700,2700,image/webp
1045,nikan-bunk-bed-full-v4.webp,238554,2700,2700,image/webp
1046,nikan-bunk-bed-full.webp,209634,2700,2700,image/webp
1047,nikan-bunk-bed-lower-v2.webp,131504,2700,2700,image/webp
1048,nikan-bunk-bed-lower.webp,128618,2700,2700,image/webp
1049,nikan-bunk-bed-trundle-v2.webp,752854,2700,2700,image/webp
1050,nikan-bunk-bed-trundle.webp,705220,2700,2700,image/webp
1051,nikan-study-desk-v2.webp,137524,2700,2700,image/webp
1052,nikan-study-desk-v3.webp,166064,2700,2700,image/webp
1053,nikan-study-desk.webp,138038,2700,2700,image/webp
1054,nikan-scene-all-v3.webp,147522,2700,2700,image/webp
1055,nikan-scene-all-v2.webp,147854,2700,2700,image/webp
1056,nikan-scene-half-v6.webp,268050,2700,2700,image/webp
1057,nikan-scene-half-v5.webp,221600,2700,2700,image/webp
1058,nikan-scene-half-v4.webp,243914,2700,2700,image/webp
1059,nikan-scene-all.webp,166346,2700,2700,image/webp
1060,nikan-scene-half.webp,222016,2700,2700,image/webp
1061,nikan-scene-half-v3.webp,230460,2700,2700,image/webp
1062,nikan-scene-half-v2.webp,292952,2700,2700,image/webp
1063,namemark-adrian.webp,451310,4785,4785,image/webp
1064,namemark-baloot.webp,65846,3000,3000,image/webp
1065,namemark-caroline.webp,135204,4785,4785,image/webp
1066,namemark-catherine.webp,628110,6336,6336,image/webp
1067,namemark-celine.webp,564428,6336,6336,image/webp
1068,namemark-classic.webp,513916,4785,4785,image/webp
1069,namemark-elegance.webp,273984,4785,4785,image/webp
1070,namemark-eliza.webp,251238,4785,4785,image/webp
1071,namemark-elizabeth.webp,187558,6336,6336,image/webp
1072,namemark-gandom.webp,22692,1181,1181,image/webp
1073,namemark-iron.webp,21408,1181,1181,image/webp
1074,namemark-jacqueline.webp,113388,4785,4785,image/webp
1075,namemark-loof.webp,433458,5304,5304,image/webp
1076,namemark-lotus.webp,273980,4785,4785,image/webp
1077,namemark-lukaplus.webp,25916,1181,1181,image/webp
1078,namemark-mocha.webp,113550,4785,4785,image/webp
1079,namemark-nikan.webp,418044,4785,4785,image/webp
1080,namemark-parla.webp,89722,4062,4063,image/webp
1081,namemark-shaylin.webp,293756,8358,8359,image/webp
1082,namemark-skate.webp,98164,3594,3595,image/webp
1083,room-bw-scene-half-3-picture-v3.webp,78228,1080,759,image/webp
1084,room-caroline-collection-v3.webp,59536,1080,864,image/webp
1085,room-iron-scene-half-picture.webp,81734,1080,759,image/webp
1086,room-jacqueline-scene-half-picture.webp,44364,1080,608,image/webp
1087,room-loof-scene-half-picture-v2-cream-v2.webp,47850,1080,759,image/webp
1088,room-loof-cream-kid-loof-scene-half-picture-v2-cream.webp,43712,1080,638,image/webp
1089,room-loof-cream-teen-loof-scene-half-picture-cream.webp,78440,1080,759,image/webp
1090,room-lotus-scene-half-6-picture.webp,37656,792,606,image/webp
1091,room-lukaplus-scene-half-picture-v3.webp,68394,1080,759,image/webp
1092,room-lukaplus-couple-lukaplus-scene-half-picture.webp,59604,1080,759,image/webp
1093,room-lukaplus-teen-lukaplus-scene-half-picture-v2.webp,61418,1080,643,image/webp
1094,room-mocha-scene-half.webp,65492,1080,759,image/webp
1095,room-caroline-baby-bed.webp,35242,1080,773,image/webp
1096,room-parla-scene-all-v3.webp,40650,1080,608,image/webp
1097,room-baloot-convertible-bed-teen-picture.webp,45536,720,1080,image/webp
1098,room-parla-scene-half.webp,37700,1080,608,image/webp
1099,room-parla-scene-all-v5.webp,52756,1080,608,image/webp
1100,room-parla-bunk-bed-full-green.webp,46786,1080,608,image/webp
1101,factory-homepage-aboutus.jpg,1978596,1206,1304,image/jpeg
1102,room-bw-bookcase-picture-v2.webp,199386,1440,1440,image/webp
1103,room-bw-bookcase-picture.webp,212560,1440,1440,image/webp
1104,room-bw-nightstand-picture-v2.webp,178448,1440,1440,image/webp
1105,room-bw-nightstand-picture.webp,232216,1440,1440,image/webp
1106,room-bw-scene-all-night-picture.webp,65152,1440,758,image/webp
1107,room-bw-scene-all-picture-v2.webp,100518,1440,731,image/webp
1108,room-bw-scene-half-2-picture-v2.webp,190074,1440,1012,image/webp
1109,room-bw-scene-half-4-picture-v2.webp,107402,1440,1012,image/webp
1110,room-bw-scene-half-picture-v2.webp,171934,1440,1012,image/webp
1111,room-bw-scene-half-picture-v3.webp,202394,1440,1012,image/webp
1112,room-bw-scene-half-picture-v4.webp,110140,1440,1012,image/webp
1113,room-bw-scene-half-picture.webp,182510,1440,1012,image/webp
1114,room-bw-single-bed-120-picture.webp,312382,1440,1440,image/webp
1115,room-bw-standing-mirror-picture.webp,59900,1440,1440,image/webp
1116,room-bw-study-desk-picture-v2.webp,201690,1440,1440,image/webp
1117,room-bw-study-desk-picture.webp,202560,1440,1440,image/webp
1118,room-bw-vanity-3-drawers-picture-v3.webp,106072,1440,1440,image/webp
1119,room-bw-vanity-3-drawers-picture-v4.webp,37458,1440,1440,image/webp
1120,room-bw-vanity-3-drawers-picture-v5.webp,132814,1440,1440,image/webp
1121,room-bw-vanity-3-drawers-picture.webp,100856,1440,1440,image/webp
1122,room-bw-wardrobe-1-doors-glass-picture.webp,124088,1440,1440,image/webp
1123,room-bw-wardrobe-2-doors-mdf-picture-v2.webp,87708,1440,1440,image/webp
1124,room-bw-wardrobe-2-doors-mdf-picture.webp,81298,1440,1440,image/webp
1125,room-caroline-baby-bed-v2.webp,127478,1440,1031,image/webp
1126,room-caroline-bookcase.webp,50500,1440,1152,image/webp
1127,room-caroline-changing-top.webp,60730,1440,1440,image/webp
1128,room-caroline-collection-v10.webp,70870,1152,1440,image/webp
1129,room-caroline-collection-v11.webp,177750,1248,1440,image/webp
1130,room-caroline-collection-v2.webp,81382,1440,1152,image/webp
1131,room-caroline-collection-v4.webp,94790,1440,956,image/webp
1132,room-caroline-collection-v5.webp,101014,1440,956,image/webp
1133,room-caroline-collection-v6.webp,48030,1440,1031,image/webp
1134,room-caroline-collection-v7.webp,177438,1440,1329,image/webp
1135,room-caroline-collection-v8.webp,69678,1152,1440,image/webp
1136,room-caroline-collection-v9.webp,66058,1152,1440,image/webp
1137,room-caroline-collection.webp,55080,1152,1440,image/webp
1138,room-caroline-console-vanity-mirror-v2.webp,66776,1440,1440,image/webp
1139,room-caroline-console-vanity-mirror-v3.webp,55180,1440,1440,image/webp
1140,room-caroline-console-vanity-mirror.webp,44494,1440,1440,image/webp
1141,room-caroline-double-bed-160.webp,127126,1440,956,image/webp
1142,room-caroline-nightstand.webp,99754,1012,1440,image/webp
1143,room-caroline-standing-mirror.webp,169688,1152,1440,image/webp
1144,room-caroline-wardrobe-2-doors-mdf.webp,143248,1440,1440,image/webp
1145,room-caroline-wardrobe-3-doors-mdf.webp,93212,1012,1440,image/webp
1146,room-iron-bookcase-picture-v3.webp,191738,1012,1440,image/webp
1147,room-iron-desk-pegboard-picture.webp,74216,1012,1440,image/webp
1148,room-iron-file-5-drawers-picture-v2.webp,85728,1012,1440,image/webp
1149,room-iron-file-5-drawers-picture.webp,92032,1012,1440,image/webp
1150,room-iron-nightstand-picture-v2.webp,93738,1012,1440,image/webp
1151,room-iron-nightstand-picture-v3.webp,78868,1012,1440,image/webp
1152,room-iron-scene-all-picture-v2.webp,75822,1440,810,image/webp
1153,room-iron-scene-half-2-picture.webp,102606,1440,1012,image/webp
1154,room-iron-scene-half-4-picture.webp,72404,1440,810,image/webp
1155,room-iron-scene-half-5-picture.webp,93554,1440,810,image/webp
1156,room-iron-single-bed-120-picture-v2.webp,202968,1012,1440,image/webp
1157,room-iron-single-bed-120-picture-v3.webp,162304,1012,1440,image/webp
1158,room-iron-single-bed-120-picture.webp,195186,1012,1440,image/webp
1159,room-iron-standing-mirror-regal-picture.webp,71676,1012,1440,image/webp
1160,room-iron-study-desk-picture-v2.webp,131838,1012,1440,image/webp
1161,room-iron-study-desk-picture.webp,103286,1012,1440,image/webp
1162,room-iron-study-desk-scene-picture.webp,129004,1440,1012,image/webp
1163,room-iron-vanity-3-drawers-picture-v2.webp,60172,1012,1440,image/webp
1164,room-iron-vanity-3-drawers-picture.webp,62014,1012,1440,image/webp
1165,room-iron-wardrobe-1-doors-mdf-picture-v2.webp,120596,1012,1440,image/webp
1166,room-iron-wardrobe-1-doors-mdf-picture.webp,120890,1012,1440,image/webp
1167,room-jacqueline-all-png-picture.webp,56726,1440,678,image/webp
1168,room-jacqueline-bookcase-picture.webp,77770,1012,1440,image/webp
1169,room-jacqueline-double-bed-160-picture-v2.webp,121264,1012,1440,image/webp
1170,room-jacqueline-double-bed-160-picture-v5.webp,132334,1440,1440,image/webp
1171,room-jacqueline-double-bed-160-picture-v6.webp,175224,1440,1440,image/webp
1172,room-jacqueline-nightstand-picture-v3.webp,78716,1012,1440,image/webp
1173,room-jacqueline-nightstand-picture.webp,47184,1012,1440,image/webp
1174,room-jacqueline-scene-all-picture.webp,58890,1440,678,image/webp
1175,room-jacqueline-scene-half-120-picture-v2.webp,78664,1440,810,image/webp
1176,room-jacqueline-scene-half-120-picture.webp,73460,1440,810,image/webp
1177,room-jacqueline-single-bed-120-picture-v2.webp,127716,1012,1440,image/webp
1178,room-jacqueline-single-bed-120-picture-v4.webp,162704,1012,1440,image/webp
1179,room-jacqueline-single-bed-120-picture.webp,149146,1012,1440,image/webp
1180,room-jacqueline-study-desk-picture-v2.webp,140182,1012,1440,image/webp
1181,room-jacqueline-vanity-3-drawers-picture.webp,68518,1012,1440,image/webp
1182,room-jacqueline-wardrobe-3-doors-mdf-picture-v3.webp,69220,1012,1440,image/webp
1183,room-jacqueline-wardrobe-3-doors-mdf-picture-v5.webp,88682,1012,1440,image/webp
1184,room-jacqueline-wardrobe-3-doors-mdf-picture-v6.webp,105834,1012,1440,image/webp
1185,room-jacqueline-wardrobe-3-doors-mdf-picture-v8.webp,71992,1012,1440,image/webp
1186,room-jacqueline-wardrobe-3-doors-mdf-picture.webp,74998,1012,1440,image/webp
1187,room-loof-2-half-picture-cream.webp,121712,1440,1012,image/webp
1188,room-loof-bed-box-picture-cream.webp,114414,1440,1440,image/webp
1189,room-loof-bookcase-picture-cream.webp,60080,1440,1012,image/webp
1190,room-loof-changing-table-picture-cream-v2.webp,81502,1440,1440,image/webp
1191,room-loof-changing-table-picture-v2-cream.webp,53336,1440,1440,image/webp
1192,room-loof-convertible-bed-teen-picture-cream-v2.webp,171582,1440,1440,image/webp
1193,room-loof-cream-kid-loof-wardrobe-2-doors-mdf-picture-cream.webp,119148,1440,1440,image/webp
1194,room-loof-cream-teen-loof-wardrobe-2-doors-mdf-picture-cream.webp,52614,1440,1012,image/webp
1195,room-loof-display-cabinet-picture-cream-v2.webp,70510,1440,1440,image/webp
1196,room-loof-nightstand-picture-cream.webp,91468,1440,1012,image/webp
1197,room-loof-nightstand-picture-v2-cream.webp,93418,1440,1012,image/webp
1198,room-loof-scene-all-picture-cream.webp,67384,1440,782,image/webp
1199,room-loof-scene-half-picture-v3-cream.webp,68272,1440,1012,image/webp
1200,room-loof-scene-soft-box-light-picture-cream.webp,109636,1440,1440,image/webp
1201,room-loof-single-bed-120-picture-cream.webp,130548,1440,1012,image/webp
1202,room-loof-standing-mirror-picture-cream.webp,46596,1440,1012,image/webp
1203,room-loof-study-desk-picture-cream.webp,80094,1440,1012,image/webp
1204,room-loof-study-desk-picture-v2-cream.webp,89858,1440,1012,image/webp
1205,room-loof-study-desk-picture-v3-cream.webp,83918,1440,1012,image/webp
1206,room-loof-takht-2-picture-cream.webp,110614,1440,1012,image/webp
1207,room-loof-takht-3-picture-cream.webp,158382,1440,1012,image/webp
1208,room-loof-takht2-picture-cream.webp,111452,1440,1012,image/webp
1209,room-loof-takht3-picture-cream.webp,166258,1440,1012,image/webp
1210,room-loof-vanity-3-drawers-picture-cream.webp,47402,1440,1012,image/webp
1211,room-loof-wall-shelf-picture-cream.webp,33674,1440,1440,image/webp
1212,room-loof-wardrobe-2-doors-mdf-open-picture-cream.webp,67818,1440,1012,image/webp
1213,room-loof-wardrobe-2-doors-mdf-open-picture-v2-cream.webp,43496,1440,1012,image/webp
1214,room-lotus-bookcase-picture.webp,72058,1012,1440,image/webp
1215,room-lotus-factor-picture-v1.webp,105422,1440,810,image/webp
1216,room-lotus-half5png-picture.webp,54218,1440,808,image/webp
1217,room-lotus-nightstand-picture-v2.webp,32400,1012,1440,image/webp
1218,room-lotus-nightstand-picture-v3.webp,36110,1012,1440,image/webp
1219,room-lotus-nightstand-picture.webp,32960,1012,1440,image/webp
1220,room-lotus-scene-all-night-picture.webp,26124,1440,627,image/webp
1221,room-lotus-scene-all-picture.webp,64926,1440,627,image/webp
1222,room-lotus-scene-half-2-picture-v2.webp,71196,1440,1012,image/webp
1223,room-lotus-scene-half-3-picture-v2.webp,132326,1440,1012,image/webp
1224,room-lotus-scene-half-4-picture.webp,92572,1440,1012,image/webp
1225,room-lotus-scene-half-5-picture-v2.webp,59540,1440,808,image/webp
1226,room-lotus-scene-half-7-picture-v2.webp,97378,1440,808,image/webp
1227,room-lotus-scene-half-picture-v2.webp,83808,1440,810,image/webp
1228,room-lotus-scene-half-picture-v7.webp,88348,1440,808,image/webp
1229,room-lotus-scene-half-picture.webp,96254,1440,810,image/webp
1230,room-lotus-scene-night-picture.webp,43550,1440,810,image/webp
1231,room-lotus-single-bed-120-picture.webp,194976,1012,1440,image/webp
1232,room-lotus-standing-mirror-picture-v2.webp,58998,1012,1440,image/webp
1233,room-lotus-study-desk-picture-v2.webp,59678,1012,1440,image/webp
1234,room-lotus-study-desk-picture-v3.webp,90414,1012,1440,image/webp
1235,room-lotus-study-desk-picture.webp,58298,1012,1440,image/webp
1236,room-lotus-takht2-picture.webp,148156,1012,1440,image/webp
1237,room-lotus-vanity-3-drawers-picture-v2.webp,56232,1012,1440,image/webp
1238,room-lotus-vanity-3-drawers-picture-v3.webp,36742,1012,1440,image/webp
1239,room-lotus-vanity-3-drawers-picture.webp,39052,1012,1440,image/webp
1240,room-lotus-wardrobe-2-doors-mdf-picture-v2.webp,56562,1012,1440,image/webp
1241,room-lotus-wardrobe-2-doors-mdf-picture-v3.webp,63046,1012,1440,image/webp
1242,room-lotus-wardrobe-2-doors-mdf-picture.webp,55298,1012,1440,image/webp
1243,room-lukaplus-bookcase-picture-v3.webp,96546,1440,1215,image/webp
1244,room-lukaplus-bookcase-picture.webp,97772,1440,1215,image/webp
1245,room-lukaplus-couple-lukaplus-nightstand-picture.webp,159806,1440,1012,image/webp
1246,room-lukaplus-couple-lukaplus-scene-half-picture-v2.webp,54660,1440,666,image/webp
1247,room-lukaplus-double-bed-160-picture-v2.webp,117072,1440,1012,image/webp
1248,room-lukaplus-double-bed-160-picture-v3.webp,118522,1440,1012,image/webp
1249,room-lukaplus-double-bed-160-picture-v4.webp,100602,1440,1012,image/webp
1250,room-lukaplus-double-bed-160-picture.webp,100022,1440,1012,image/webp
1251,room-lukaplus-night-all-picture.webp,63226,1440,700,image/webp
1252,room-lukaplus-nightstand-picture-v3.webp,139728,1440,1215,image/webp
1253,room-lukaplus-scene-half-picture-v5.webp,147112,1440,1024,image/webp
1254,room-lukaplus-single-bed-120-picture-v2.webp,232412,1440,1215,image/webp
1255,room-lukaplus-single-bed-120-picture-v4.webp,293490,1440,1215,image/webp
1256,room-lukaplus-single-bed-120-picture.webp,192982,1440,1215,image/webp
1257,room-lukaplus-study-desk-picture.webp,89620,1440,1215,image/webp
1258,room-lukaplus-teen-lukaplus-nightstand-picture-v2.webp,225044,1440,1215,image/webp
1259,room-lukaplus-teen-lukaplus-scene-half-picture.webp,103870,1440,1215,image/webp
1260,room-lukaplus-vanity-4-drawers-picture-v2.webp,59656,1440,1012,image/webp
1261,room-lukaplus-vanity-4-drawers-picture.webp,52420,1440,1012,image/webp
1262,room-lukaplus-wall-shelf-picture-v2.webp,61506,1440,1215,image/webp
1263,room-lukaplus-wall-shelf-picture.webp,47784,1440,1215,image/webp
1264,room-lukaplus-wardrobe-2-doors-mdf-picture-v2.webp,76858,1440,1215,image/webp
1265,room-lukaplus-wardrobe-2-doors-mdf-picture-v3.webp,83524,1440,1215,image/webp
1266,room-lukaplus-wardrobe-2-doors-mdf-picture.webp,81980,1440,1215,image/webp
1267,room-mocha-bookcase.webp,82818,1440,1012,image/webp
1268,room-mocha-console-vanity-mirror-v2.webp,65266,1012,1440,image/webp
1269,room-mocha-console-vanity-mirror.webp,55884,1440,1012,image/webp
1270,room-mocha-desk-pegboard.webp,35960,1440,1012,image/webp
1271,room-mocha-nightstand.webp,61246,1012,1440,image/webp
1272,room-mocha-scene-all.webp,94620,1440,754,image/webp
1273,room-mocha-scene-half-v2.webp,113656,1440,1012,image/webp
1274,room-mocha-scene-half-v3.webp,120134,1440,1012,image/webp
1275,room-mocha-scene-half-v4.webp,83804,1440,1012,image/webp
1276,room-mocha-scene-half-v5.webp,103528,1440,1012,image/webp
1277,room-mocha-single-bed-120.webp,101306,1012,1440,image/webp
1278,room-mocha-standing-mirror-v2.webp,52662,1012,1440,image/webp
1279,room-mocha-standing-mirror-v3.webp,43760,1012,1440,image/webp
1280,room-mocha-standing-mirror.webp,80746,1440,1012,image/webp
1281,room-mocha-study-chair-v2.webp,62496,1012,1440,image/webp
1282,room-mocha-study-chair.webp,63126,1440,1012,image/webp
1283,room-mocha-study-desk-v2.webp,85464,1012,1440,image/webp
1284,room-mocha-study-desk-v3.webp,76818,1440,1012,image/webp
1285,room-mocha-study-desk.webp,86550,1012,1440,image/webp
1286,room-mocha-vanity-3-drawers-v2.webp,44172,1012,1440,image/webp
1287,room-mocha-vanity-3-drawers.webp,77968,1440,1012,image/webp
1288,room-mocha-vanity-chair.webp,33112,1012,1440,image/webp
1289,room-mocha-wardrobe-2-doors-mdf.webp,44966,1012,1440,image/webp
1290,room-mocha-wardrobe-3-doors-mdf-v2.webp,51482,1440,1012,image/webp
1291,room-mocha-wardrobe-3-doors-mdf.webp,41606,1012,1440,image/webp
1292,room-parla-baby-bed-box-green.webp,82642,1012,1440,image/webp
1293,room-parla-baby-bed-green.webp,69254,1012,1440,image/webp
1294,room-parla-baby-bed-v2-green.webp,54336,1012,1440,image/webp
1295,room-parla-bed-box-green.webp,63734,1012,1440,image/webp
1296,room-parla-bookcase-green.webp,87918,1012,1440,image/webp
1297,room-parla-bookcase-v2-green.webp,88432,1012,1440,image/webp
1298,room-parla-bunk-bed-full-v2-green.webp,73790,1440,810,image/webp
1299,room-parla-bunk-bed-full-v3-green.webp,115084,1152,1440,image/webp
1300,room-parla-bunk-bed-full-v4-green.webp,101018,1152,1440,image/webp
1301,room-parla-bunk-bed-full-v5-green.webp,114924,1152,1440,image/webp
1302,room-parla-combined-wardrobe-green.webp,58410,1012,1440,image/webp
1303,room-parla-display-cabinet-green.webp,74122,1012,1440,image/webp
1304,room-parla-display-cabinet-v2-green.webp,76368,1012,1440,image/webp
1305,room-parla-nightstand-green.webp,38966,1012,1440,image/webp
1306,room-parla-scene-all-v2.webp,61566,1440,810,image/webp
1307,room-parla-scene-all-v4.webp,64052,1440,810,image/webp
1308,room-parla-scene-all.webp,63668,1440,810,image/webp
1309,room-parla-scene-half-v2.webp,99196,919,810,image/webp
1310,room-parla-standing-mirror-green.webp,122874,1012,1440,image/webp
1311,room-parla-standing-mirror-v2-green.webp,54302,1012,1440,image/webp
1312,room-parla-study-desk-green.webp,131174,1012,1440,image/webp
1313,room-parla-study-desk-v2-green.webp,89052,1012,1440,image/webp
1314,room-parla-study-desk-v3-green.webp,103408,1012,1440,image/webp
1315,room-parla-study-desk-v4-green.webp,126108,1012,1440,image/webp
1316,room-parla-wall-shelf-green.webp,21420,1012,1440,image/webp
1317,room-parla-wall-shelf-v2-green.webp,23852,1012,1440,image/webp
1318,room-parla-wardrobe-2-doors-mdf-green.webp,35826,1012,1440,image/webp
1319,room-parla-wardrobe-3-doors-mdf-green.webp,40208,1012,1440,image/webp
1320,room-lukaplus-single-bed-120-picture-v3.webp,162418,1440,1215,image/webp
1321,room-lukaplus-study-desk-picture-v2.webp,78324,1440,1215,image/webp
1322,room-parla-changing-table-green.webp,46758,1012,1440,image/webp
1323,material.jpg,78320,1254,1254,image/jpeg
1324,material1.jpg,91346,1254,1254,image/jpeg
1325,material2.jpg,265068,1280,1280,image/jpeg
1326,material3.jpg,93455,1254,1254,image/jpeg
1327,verna-bookcase-1.webp,229446,2700,3840,image/webp
1328,verna-headboard-usb-panel-detail-v2.webp,217230,2700,3840,image/webp
1329,verna-headboard-usb-panel-detail-v3.webp,376876,2700,3840,image/webp
1330,verna-nightstand-v2-1.webp,229822,2700,3840,image/webp
1331,verna-nightstand-v4.webp,255758,2700,3840,image/webp
1332,verna-nightstand-1.webp,180698,2700,3840,image/webp
1333,verna-scene-half-v3.webp,390420,3840,2160,image/webp
1334,verna-scene-half-v4.webp,484838,3840,2160,image/webp
1335,verna-scene-half-v6.webp,431734,3840,2160,image/webp
1336,verna-scene-half-v7.webp,253620,3840,2700,image/webp
1337,verna-single-bed-120-picture-1.webp,785524,2700,3840,image/webp
1338,verna-study-desk-v2.webp,183988,2700,3840,image/webp
1339,verna-vanity-3-drawers-v2-1.webp,385930,2700,3840,image/webp
1340,verna-vanity-3-drawers-v4.webp,361974,2700,3840,image/webp
1341,verna-vanity-3-drawers-1.webp,255892,2700,3840,image/webp
1342,verna-wardrobe-2-doors-mdf-1.webp,207724,2700,3840,image/webp
1343,bedroom-set-lorena-double-poster.webp,343954,2700,1240,image/webp
1344,lorena.webp,119326,4785,4785,image/webp
1345,verna.webp,116764,4785,4785,image/webp
1346,bedroom-set-baloot-teen-poster.webp,826812,2700,3840,image/webp
1347,bedroom-set-baloot-teen-poster-1.webp,826812,2700,3840,image/webp
1348,bedroom-set-mocha-teen-poster.webp,735466,2700,3840,image/webp
1349,b&w.webp,58758,4785,4785,image/webp
1350,bedroom-set-shaylin-double-poster.webp,797328,2700,3840,image/webp
1351,bedroom-set-nikan-bunk-poster.webp,765266,2700,3840,image/webp
1352,bedroom-set-elizabeth-double-poster.webp,634842,2700,3840,image/webp
1353,verna-1.webp,311392,4785,4785,image/webp
1354,bedroom-set-verna-poster-1.webp,167780,1200,1707,image/webp
1355,bedroom-set-nikan-bunk-poster-1.webp,212810,2700,1238,image/webp
1356,bedroom-set-shaylin-double-poster-1.webp,912298,2700,3840,image/webp
1357,b&w-1.webp,107250,4785,4785,image/webp
1358,bedroom-set-mocha-teen-poster-1.webp,739502,2700,3840,image/webp
1359,lorena-1.webp,349618,4785,4785,image/webp
1360,bedroom-set-lorena-double-poster-1.webp,917572,2700,3840,image/webp
1361,bedroom-set-elizabeth-double-poster-1.webp,123678,2700,1246,image/webp
1362,bedroom-set-elizabeth-double-poster-2.webp,658358,2700,3840,image/webp
1363,bedroom-set-elizabeth-double-poster-3.webp,658358,2700,3840,image/webp
1364,baloot-wardrobe-2-doors.webp,78086,663,1114,image/webp
1365,baloot-vanity-chair.webp,29204,554,524,image/webp
1366,baloot-vanity-6-drawers.webp,68092,762,766,image/webp
1367,baloot-study-desk-v2.webp,59550,795,768,image/webp
1368,baloot-study-chair-v2.webp,73694,768,1079,image/webp
1369,baloot-standing-mirror.webp,28764,418,936,image/webp
1370,baloot-nightstand.webp,54452,645,850,image/webp
1371,baloot-single-bed-100-120-high.webp,54062,1236,824,image/webp
1372,baloot-convertible-bed-teen.webp,93446,1200,945,image/webp
1373,baloot-console-3-drawers.webp,81982,1217,1015,image/webp
1374,baloot-bookcase.webp,63558,568,1086,image/webp
1375,baloot-console-vanity-mirror.webp,73162,607,1080,image/webp
1376,bunk-mosaic-tile.jpg,92222,720,720,image/jpeg
1377,wall-mirror-mosaic-tile.jpg,36276,720,720,image/jpeg
1378,changing-top-mosaic-tile.jpg,29879,720,720,image/jpeg
1379,baby-mosaic-tile.jpg,127937,720,720,image/jpeg
1380,shaylin-console-vanity-mirror-3-pieces.webp,47314,453,551,image/webp
1381,shaylin-file-5-drawers.webp,39726,530,581,image/webp
1382,shaylin-loveseat.webp,25358,577,355,image/webp
1383,shaylin-nightstand.webp,29258,424,451,image/webp
1384,shaylin-standing-mirror.webp,37066,349,679,image/webp
1385,shaylin-vanity-chair.webp,23228,380,363,image/webp
1386,celine-console-vanity-mirror-3-pieces.webp,42434,726,844,image/webp
1387,celine-double-bed-160.webp,33166,690,863,image/webp
1388,celine-file-5-drawers.webp,48802,500,867,image/webp
1389,celine-nightstand.webp,68710,729,911,image/webp
1390,celine-vanity-5-drawers.webp,26966,561,842,image/webp
1391,celine-vanity-chair.webp,33370,636,564,image/webp
1392,bedroom-set-celine-double-poster.webp,142336,2700,1224,image/webp
1393,bedroom-set-celine-double-poster-1.webp,1039218,2700,3840,image/webp
